ticker,regime,boot_id,n,AIC_Normal,BIC_Normal,logL_Normal,AIC_StudentT,BIC_StudentT,logL_StudentT,nu_hat,AIC_PearsonVII,BIC_PearsonVII,logL_PearsonVII,m_hat,scale_hat,Best_AIC
AAPL,Low,1,2105,5952.343227394491,5952.343227394491,-2976.1716136972454,5929.269560361299,5934.921631107416,-2963.6347801806496,19.421006002242596,5890.886422673888,5902.190564166121,-2943.443211336944,4.088138109531059,2.272866107488072,PearsonVII
AAPL,Low,2,2105,5951.828972316034,5951.828972316034,-2975.914486158017,5864.99270688027,5870.644777626387,-2931.496353440135,12.22948351284569,5754.468309358198,5765.772450850431,-2875.234154679099,2.872614402678822,1.657612548130098,PearsonVII
AAPL,Low,3,2105,5933.049339184939,5933.049339184939,-2966.5246695924693,5864.135423648634,5869.787494394751,-2931.067711824317,12.701467703981589,5756.7441363258695,5768.048277818102,-2876.3720681629347,2.900191370818781,1.6724914660812396,PearsonVII
AAPL,Low,4,2105,5943.063481062079,5943.063481062079,-2971.5317405310393,5875.163735237638,5880.815805983755,-2936.581867618819,12.984920648645087,5777.379015898576,5788.683157390808,-2886.689507949288,2.9924296703946727,1.7270116758126621,PearsonVII
AAPL,Low,5,2105,5936.004295600116,5936.004295600116,-2968.002147800058,5872.068836227023,5877.72090697314,-2935.0344181135115,13.042506874529765,5772.37774081327,5783.681882305503,-2884.188870406635,2.9749028743234853,1.7162551000600876,PearsonVII
AAPL,Medium,1,2067,5735.474271678184,5735.474271678184,-2867.737135839092,5684.882223787661,5690.516077347343,-2841.4411118938306,14.03867026636349,5541.753348493833,5553.021055613197,-2768.8766742469165,2.5552444092444344,1.4504917499897692,PearsonVII
AAPL,Medium,2,2067,5822.4739879127155,5822.4739879127155,-2911.2369939563578,5769.503398493212,5775.137252052894,-2883.751699246606,14.194187657668305,5683.1085611273575,5694.376268246721,-2839.5542805636787,3.0413762564733133,1.755387793985088,PearsonVII
AAPL,Medium,3,2067,5824.463877939304,5824.463877939304,-2912.231938969652,5777.551791572225,5783.185645131906,-2887.7758957861124,14.575179467964876,5697.123108641129,5708.390815760493,-2846.5615543205645,3.10710047420061,1.793531947516249,PearsonVII
AAPL,Medium,4,2067,5785.359319047413,5785.359319047413,-2892.6796595237065,5714.892291653903,5720.526145213585,-2856.4461458269516,13.181839806269723,5587.13706244517,5598.404769564534,-2791.568531222585,2.6648441040829454,1.525409693639257,PearsonVII
AAPL,Medium,5,2067,5769.627859188457,5769.627859188457,-2884.8139295942283,5727.113487655894,5732.747341215575,-2862.556743827947,14.887036438728492,5617.467246359661,5628.734953479025,-2806.7336231798304,2.7595171558203675,1.58646424167493,PearsonVII
AAPL,High,1,2069,5835.794430099644,5835.794430099644,-2917.897215049822,5809.6354855062245,5815.27030618397,-2903.8177427531123,17.480511848317494,5754.567518849299,5765.83716020479,-2875.2837594246494,3.4853005181896055,1.994751223334307,PearsonVII
AAPL,High,2,2069,5683.1479089644145,5683.1479089644145,-2841.5739544822072,5643.6606782783,5649.295498956046,-2820.83033913915,15.12143537406734,5473.0561219708525,5484.325763326344,-2734.5280609854262,2.4094480341491145,1.3457219898324868,PearsonVII
AAPL,High,3,2069,5823.213011161495,5823.213011161495,-2911.6065055807476,5788.076937511206,5793.7117581889515,-2893.038468755603,15.776660958692968,5714.9217345412835,5726.191375896775,-2855.4608672706418,3.1832669597708296,1.8356682646199225,PearsonVII
AAPL,High,4,2069,5847.542601367509,5847.542601367509,-2923.7713006837544,5819.980914920468,5825.615735598214,-2908.990457460234,17.716935452026746,5772.586993736511,5783.856635092003,-2884.2934968682557,3.7354666360275597,2.1147251361003123,PearsonVII
AAPL,High,5,2069,5825.861540423433,5825.861540423433,-2912.9307702117167,5799.568085723824,5805.20290640157,-2898.784042861912,18.03102316935285,5743.961271283513,5755.230912639005,-2869.9806356417566,3.479681423274404,1.987107715655112,PearsonVII
ADBE,Low,1,2105,5923.165282225242,5923.165282225242,-2961.582641112621,5850.810671877092,5856.462742623209,-2924.405335938546,12.794871525694631,5735.611098169804,5746.915239662037,-2865.805549084902,2.815009805046092,1.6208252700265882,PearsonVII
ADBE,Low,2,2105,6013.563327786185,6013.563327786185,-3006.7816638930926,5871.331272825813,5876.98334357193,-2934.6656364129067,10.513701520805544,5746.570743037715,5757.874884529948,-2871.2853715188576,2.8594379360536415,1.6478067803663239,PearsonVII
ADBE,Low,3,2105,5987.644550215688,5987.644550215688,-2993.822275107844,5859.419195949467,5865.071266695584,-2928.7095979747337,10.866176883738945,5731.472141336431,5742.776282828664,-2863.7360706682157,2.800509968554726,1.6117750319081676,PearsonVII
ADBE,Low,4,2105,6000.849758284909,6000.849758284909,-3000.4248791424543,5846.285156512604,5851.937227258721,-2922.142578256302,10.207866819866346,5698.366810016821,5709.670951509053,-2847.1834050084103,2.674628917691615,1.5336975506571133,PearsonVII
ADBE,Low,5,2105,5979.906399750273,5979.906399750273,-2989.9531998751363,5823.902560697997,5829.5546314441135,-2910.9512803489984,10.110866568786161,5657.854262315109,5669.1584038073415,-2826.9271311575544,2.584360774755923,1.4711332232221468,PearsonVII
ADBE,Medium,1,2067,5648.342332065885,5648.342332065885,-2824.1711660329424,5529.846772838799,5535.48062639848,-2763.9233864193993,11.438274051415366,5235.213702153734,5246.481409273098,-2615.606851076867,2.138846761538579,1.123833015426991,PearsonVII
ADBE,Medium,2,2067,5679.0748301892645,5679.0748301892645,-2839.5374150946323,5616.432046111553,5622.065899671235,-2807.2160230557765,14.130694089451024,5424.700274836936,5435.9679819563,-2710.350137418468,2.327977921816963,1.2864965947504117,PearsonVII
ADBE,Medium,3,2067,5823.360214775492,5823.360214775492,-2911.680107387746,5688.046894123632,5693.680747683314,-2843.023447061816,10.728892007783914,5510.992132436681,5522.259839556044,-2753.4960662183403,2.4722348729087344,1.3946948181957024,PearsonVII
ADBE,Medium,4,2067,5816.206118844708,5816.206118844708,-2908.103059422354,5767.724748707724,5773.358602267405,-2882.862374353862,14.659771543833548,5683.130751589153,5694.398458708517,-2839.5653757945765,3.049047355332858,1.7591666267807036,PearsonVII
ADBE,Medium,5,2067,5814.254319336172,5814.254319336172,-2907.127159668086,5667.90414417956,5673.537997739241,-2832.95207208978,10.984202601283808,5480.719458412319,5491.987165531683,-2738.3597292061595,2.4187098457524634,1.3550855510741773,PearsonVII
ADBE,High,1,2070,5784.756089775938,5784.756089775938,-2892.378044887969,5707.975505595898,5713.6108094821575,-2852.987752797949,12.086600349406392,5554.114168001308,5565.384775773827,-2775.057084000654,2.545592194061531,1.4467833570169517,PearsonVII
ADBE,High,2,2070,5807.137890683654,5807.137890683654,-2903.568945341827,5684.721961956215,5690.357265842475,-2841.3609809781074,10.798153854777272,5499.948730655549,5511.219338428068,-2747.9743653277746,2.4188096312711354,1.3588384265076519,PearsonVII
ADBE,High,3,2070,5873.688635761797,5873.688635761797,-2936.8443178808984,5746.649252593499,5752.284556479759,-2872.3246262967496,10.883820520567067,5610.241670697713,5621.512278470232,-2803.1208353488564,2.69875968804579,1.5488772311522319,PearsonVII
ADBE,High,4,2070,5713.747838141414,5713.747838141414,-2856.873919070707,5607.267312698192,5612.902616584452,-2802.633656349096,10.926483440444265,5356.011472388139,5367.282080160658,-2676.0057361940694,2.2130135225109417,1.1981491788366132,PearsonVII
ADBE,High,5,2070,5810.676881701468,5810.676881701468,-2905.338440850734,5738.376400510885,5744.011704397145,-2868.1882002554426,13.078544218705941,5619.811728662581,5631.0823364351,-2807.9058643312906,2.741557844587419,1.574901100767476,PearsonVII
ADP,Low,1,2105,5960.805812429513,5960.805812429513,-2980.4029062147565,5893.775056406657,5899.427127152774,-2945.8875282033287,13.499081971778221,5811.739655414034,5823.043796906267,-2903.869827707017,3.181869226271511,1.8338870781136112,PearsonVII
ADP,Low,2,2105,5913.082171634844,5913.082171634844,-2956.541085817422,5812.279807625106,5817.931878371222,-2905.139903812553,11.956088714331669,5663.367391000276,5674.671532492509,-2829.683695500138,2.572557013078613,1.4667025453758338,PearsonVII
ADP,Low,3,2105,6005.621622291532,6005.621622291532,-3002.810811145766,5880.650613385355,5886.302684131472,-2939.3253066926777,11.442462708044342,5775.667198489013,5786.971339981245,-2885.8335992445063,3.004785497628344,1.7324303921669286,PearsonVII
ADP,Low,4,2105,5942.768392602027,5942.768392602027,-2971.3841963010136,5868.050626125156,5873.702696871273,-2933.025313062578,12.916785998791221,5765.14860164184,5776.452743134073,-2880.57430082092,2.922563525750997,1.687128723717603,PearsonVII
ADP,Low,5,2105,5938.365178110532,5938.365178110532,-2969.182589055266,5809.548040073926,5815.200110820043,-2903.774020036963,10.929768313485956,5646.137930668872,5657.442072161105,-2821.068965334436,2.5467990837134997,1.4468122568448039,PearsonVII
ADP,Medium,1,2066,5851.975528594209,5851.975528594209,-2925.9877642971046,5679.879192009617,5685.512561659297,-2838.9395960048087,9.809802116056709,5483.905979206849,5495.172718506208,-2739.9529896034246,2.4179984976798887,1.3566061019775482,PearsonVII
ADP,Medium,2,2066,5860.402865994534,5860.402865994534,-2930.201432997267,5799.222858548999,5804.856228198679,-2898.6114292744996,13.586854329017015,5725.822971011423,5737.089710310782,-2860.9114855057114,3.2758641205018164,1.8883185507334395,PearsonVII
ADP,Medium,3,2066,5844.0075386558265,5844.0075386558265,-2922.0037693279132,5754.312993739169,5759.946363388848,-2876.1564968695843,12.417136668624668,5647.610169904807,5658.876909204166,-2821.8050849524034,2.880971792057459,1.6617300279354912,PearsonVII
ADP,Medium,4,2066,5848.92367714188,5848.92367714188,-2924.46183857094,5713.431660323038,5719.065029972718,-2855.715830161519,10.660341803912303,5558.722222319884,5569.988961619243,-2777.361111159942,2.5947916855243234,1.4787412650973868,PearsonVII
ADP,Medium,5,2066,5801.193978715977,5801.193978715977,-2900.5969893579886,5689.184815952646,5694.818185602326,-2843.592407976323,10.93495540588668,5517.019337161282,5528.286076460641,-2756.509668580641,2.488241583362768,1.4064236218708688,PearsonVII
ADP,High,1,2028,5300.487476904644,5300.487476904644,-2650.243738452322,5194.253042836164,5199.867848200875,-2596.126521418082,12.727251123861807,4676.00800841136,4687.237619140782,-2336.00400420568,1.858040375938459,0.8515095211054797,PearsonVII
ADP,High,2,2028,5567.5012467243,5567.5012467243,-2783.75062336215,5438.706545825707,5444.321351190418,-2718.3532729128533,11.466774839472034,5159.965151467779,5171.194762197201,-2577.9825757338895,2.128917671843231,1.1246103579894466,PearsonVII
ADP,High,3,2028,5653.24492507441,5653.24492507441,-2826.622462537205,5451.468166416655,5457.082971781366,-2724.7340832083273,10.699696897578654,5178.8402028663895,5190.069813595812,-2587.4201014331948,2.164903636147874,1.1506597562501053,PearsonVII
ADP,High,4,2028,5516.397087179892,5516.397087179892,-2758.198543589946,5443.819508965333,5449.434314330044,-2720.9097544826664,12.125097776686777,5170.999380556888,5182.228991286311,-2583.499690278444,2.137050272056282,1.1323898027626236,PearsonVII
ADP,High,5,2028,5453.23762498575,5453.23762498575,-2726.618812492875,5385.441974949549,5391.05678031426,-2691.7209874747746,12.745810573001084,5069.273088523132,5080.5026992525545,-2532.636544261566,2.2619286301600807,1.1202839270248854,PearsonVII
AMZN,Low,1,2105,5996.631342950491,5996.631342950491,-2998.3156714752454,5867.479254487118,5873.131325233235,-2932.739627243559,11.032936867505112,5744.910035371627,5756.214176863859,-2870.4550176858133,2.8151725160903434,1.6244926341063906,PearsonVII
AMZN,Low,2,2105,6081.763195608465,6081.763195608465,-3040.8815978042326,5853.575690080383,5859.227760826499,-2925.7878450401913,9.126041053768219,5691.189140738386,5702.493282230619,-2843.594570369193,2.645152800798359,1.51546861911684,PearsonVII
AMZN,Low,3,2105,5998.415747627958,5998.415747627958,-2999.207873813979,5819.284901877159,5824.936972623276,-2908.6424509385797,9.498667586063785,5636.725382883423,5648.0295243756555,-2816.3626914417114,2.517080672557682,1.4274483230880475,PearsonVII
AMZN,Low,4,2105,5991.089321782607,5991.089321782607,-2995.5446608913035,5885.303483201515,5890.955553947631,-2941.6517416007573,11.481807197476911,5779.878688978913,5791.182830471145,-2887.9393444894563,2.971895795506093,1.717814859481027,PearsonVII
AMZN,Low,5,2105,5989.431445093855,5989.431445093855,-2994.7157225469273,5879.860614248553,5885.51268499467,-2938.9303071242766,11.368558719896674,5770.742682508671,5782.046824000904,-2883.3713412543357,2.9509915800730813,1.7036551564992028,PearsonVII
AMZN,Medium,1,2067,5802.253568571782,5802.253568571782,-2901.126784285891,5718.91255448001,5724.546408039691,-2858.456277240005,12.502700502203668,5585.205750197487,5596.473457316851,-2790.6028750987434,2.6374087564644184,1.5101302909930687,PearsonVII
AMZN,Medium,2,2067,5804.408100377243,5804.408100377243,-2902.2040501886213,5652.873246380043,5658.507099939725,-2825.4366231900217,10.328401595792872,5442.065916548993,5453.333623668357,-2719.0329582744967,2.350436012807962,1.3045644273510042,PearsonVII
AMZN,Medium,3,2067,5785.644739502681,5785.644739502681,-2892.8223697513404,5703.619642020514,5709.253495580196,-2850.809821010257,11.79863872922121,5548.885816833585,5560.1535239529485,-2772.4429084167923,2.5444725304869826,1.4471615592760363,PearsonVII
AMZN,Medium,4,2067,5846.629004921857,5846.629004921857,-2923.3145024609285,5713.422265713982,5719.056119273663,-2855.711132856991,10.35638890874209,5547.155135031166,5558.4228421505295,-2771.577567515583,2.545699176216266,1.4472138262679717,PearsonVII
AMZN,Medium,5,2067,5743.219306898054,5743.219306898054,-2871.609653449027,5612.87841374768,5618.512267307361,-2805.43920687384,10.361967278734523,5363.326322300333,5374.594029419697,-2679.6631611501666,2.2447608212943053,1.2207365060758344,PearsonVII
AMZN,High,1,2070,5751.136405819029,5751.136405819029,-2875.5682029095146,5615.253615369463,5620.888919255723,-2806.6268076847314,10.675912407519444,5371.12424694597,5382.394854718489,-2683.562123472985,2.2305314585083704,1.212601233619814,PearsonVII
AMZN,High,2,2070,5861.83306704493,5861.83306704493,-2930.916533522465,5721.363293678092,5726.998597564352,-2859.681646839046,10.272255710073381,5552.993052969028,5564.263660741547,-2774.496526484514,2.5153034115627673,1.4299034438985185,PearsonVII
AMZN,High,3,2070,5886.548512798056,5886.548512798056,-2943.274256399028,5784.906815126724,5790.542119012984,-2891.453407563362,11.816016448034144,5683.9765963941145,5695.247204166633,-2839.9882981970572,2.9836033499086385,1.7237062171046702,PearsonVII
AMZN,High,4,2070,5960.5205991952735,5960.5205991952735,-2980.2602995976367,5732.62507987402,5738.26038376028,-2865.31253993701,9.464907718045575,5562.711866583797,5573.982474356316,-2779.3559332918985,2.540738970821435,1.4471527312965218,PearsonVII
AMZN,High,5,2070,5851.508614632788,5851.508614632788,-2925.754307316394,5741.515200145451,5747.150504031711,-2869.7576000727254,11.160763358737178,5602.32491246816,5613.5955202406785,-2799.16245623408,2.661618625305976,1.5263157820605722,PearsonVII
BA,Low,1,2105,5848.880295129391,5848.880295129391,-2924.4401475646955,5812.404726600829,5818.056797346946,-2905.2023633004146,15.264699689444049,5686.695462013024,5697.999603505256,-2841.347731006512,2.6369231507464845,1.5094712455140102,PearsonVII
BA,Low,2,2105,5926.481414578213,5926.481414578213,-2963.2407072891065,5883.639639116996,5889.291709863112,-2940.819819558498,15.149651388426674,5804.484279285685,5815.788420777918,-2900.2421396428426,3.129847851846501,1.8057197810341388,PearsonVII
BA,Low,3,2105,5945.378069689177,5945.378069689177,-2972.6890348445886,5904.559255890326,5910.211326636443,-2951.279627945163,15.169569531141859,5836.4144118427575,5847.71855333499,-2916.2072059213788,3.344842764376454,1.9217838249234567,PearsonVII
BA,Low,4,2105,5961.517744630028,5961.517744630028,-2980.758872315014,5918.175119019508,5923.827189765625,-2958.087559509754,15.419330003140987,5860.166765827246,5871.470907319479,-2928.083382913623,3.5859315603729387,2.042648621164821,PearsonVII
BA,Low,5,2105,5927.153372073753,5927.153372073753,-2963.5766860368767,5870.642616360057,5876.294687106174,-2934.3213081800286,13.353798405311709,5770.244076044954,5781.548217537187,-2883.122038022477,2.9234939808298503,1.689641996018174,PearsonVII
BA,Medium,1,2067,5864.061738477717,5864.061738477717,-2932.0308692388585,5800.633014733476,5806.266868293157,-2899.316507366738,14.518301982801932,5734.247937649964,5745.515644769328,-2865.123968824982,3.371583331343327,1.935643104918428,PearsonVII
BA,Medium,2,2067,5806.5893171070275,5806.5893171070275,-2903.2946585535137,5768.773949364157,5774.407802923838,-2883.3869746820783,15.558147434432733,5687.640429650006,5698.90813676937,-2841.820214825003,3.066653731758197,1.769720808878471,PearsonVII
BA,Medium,3,2067,5845.65180824315,5845.65180824315,-2922.825904121575,5828.035075521073,5833.668929080754,-2913.0175377605365,21.135821521697252,5795.690398084897,5806.958105204261,-2895.8451990424487,4.236301778905343,2.33917765621208,PearsonVII
BA,Medium,4,2067,5891.9381119687905,5891.9381119687905,-2945.9690559843953,5776.91758642561,5782.551439985292,-2887.458793212805,11.684485276235051,5675.702558693565,5686.970265812929,-2835.8512793467826,2.9777413573687337,1.7207683856586176,PearsonVII
BA,Medium,5,2067,5888.143434754372,5888.143434754372,-2944.071717377186,5797.964933874901,5803.598787434583,-2897.9824669374507,12.171417740401777,5713.179354863138,5724.4470619825015,-2854.589677431569,3.1780228744478856,1.834830766285281,PearsonVII
BA,High,1,2070,5821.538360132974,5821.538360132974,-2910.769180066487,5782.152775454164,5787.788079340424,-2890.076387727082,14.906459541324212,5699.426106432758,5710.696714205277,-2847.713053216379,3.0878876163072326,1.7816065322426415,PearsonVII
BA,High,2,2070,5861.532285405325,5861.532285405325,-2930.7661427026624,5821.450032375151,5827.085336261411,-2909.7250161875754,15.344068592606261,5763.617605314716,5774.888213087234,-2879.808802657358,3.5537242484887135,2.0286618501474796,PearsonVII
BA,High,3,2070,5846.098924418371,5846.098924418371,-2923.0494622091855,5786.576848927398,5792.212152813658,-2892.288424463699,13.247769241900146,5696.728882387058,5707.999490159576,-2846.364441193529,3.052904366257086,1.763336294549591,PearsonVII
BA,High,4,2070,5858.858711595201,5858.858711595201,-2929.4293557976007,5824.676810243784,5830.3121141300435,-2911.338405121892,16.330051237512816,5773.147082582387,5784.417690354906,-2884.5735412911936,3.6837739753982586,2.0910422779688704,PearsonVII
BA,High,5,2070,5834.249388810209,5834.249388810209,-2917.1246944051045,5790.86733549913,5796.50263938539,-2894.433667749565,14.83812068120594,5713.336329274337,5724.606937046856,-2854.6681646371685,3.1389246523292926,1.8124184070820992,PearsonVII
CAT,Low,1,2105,5842.405678335521,5842.405678335521,-2921.2028391677604,5791.876073298662,5797.528144044779,-2894.938036649331,13.525971633419006,5636.830752901266,5648.134894393499,-2816.415376450633,2.5072049140655626,1.4220920157933725,PearsonVII
CAT,Low,2,2105,5914.968034515594,5914.968034515594,-2957.484017257797,5867.343631389063,5872.99570213518,-2932.6718156945317,14.305404728896088,5772.643687586156,5783.947829078389,-2884.321843793078,2.9552741976829244,1.7065670019226107,PearsonVII
CAT,Low,3,2105,5923.224174311086,5923.224174311086,-2961.612087155543,5879.39807962653,5885.050150372646,-2938.699039813265,14.971015232497269,5797.482020999944,5808.786162492177,-2896.741010499972,3.1127458077196124,1.7944378619705696,PearsonVII
CAT,Low,4,2105,5870.786849021001,5870.786849021001,-2935.3934245105006,5839.354678964471,5845.006749710587,-2918.6773394822353,16.547546853877588,5740.310720112406,5751.6148616046385,-2868.155360056203,2.828439981260895,1.6295217723073916,PearsonVII
CAT,Low,5,2105,5937.304766693047,5937.304766693047,-2968.6523833465235,5900.857806512332,5906.509877258449,-2949.428903256166,16.058370856325848,5836.142713564996,5847.446855057228,-2916.071356782498,3.374229012280076,1.9352797768110368,PearsonVII
CAT,Medium,1,2066,5805.245158266702,5805.245158266702,-2902.622579133351,5767.112828745763,5772.746198395443,-2882.5564143728816,15.38985139650038,5685.586702767869,5696.853442067228,-2840.7933513839344,3.046889245588587,1.760321770274012,PearsonVII
CAT,Medium,2,2066,5833.691982439718,5833.691982439718,-2916.845991219859,5813.010777005073,5818.644146654752,-2905.5053885025363,19.337533650953993,5770.196481971667,5781.463221271026,-2883.0982409858334,3.7963966591046834,2.1441401799616795,PearsonVII
CAT,Medium,3,2066,5736.853531074589,5736.853531074589,-2868.4267655372946,5698.921509444657,5704.554879094337,-2848.4607547223286,14.940633235890315,5570.030407034169,5581.297146333528,-2783.0152035170845,2.615799421531556,1.4940594393417348,PearsonVII
CAT,Medium,4,2066,5832.256479940474,5832.256479940474,-2916.128239970237,5800.461469564768,5806.094839214447,-2899.230734782384,16.804026855740865,5745.345352575535,5756.612091874894,-2870.6726762877674,3.5610189122146365,2.0284214289380778,PearsonVII
CAT,Medium,5,2066,5824.682076421879,5824.682076421879,-2912.3410382109396,5793.99295211169,5799.62632176137,-2895.996476055845,16.812731706007163,5734.577774650478,5745.844513949837,-2865.288887325239,3.4281996862377007,1.9631597321729064,PearsonVII
CAT,High,1,2070,5826.216517718293,5826.216517718293,-2913.1082588591466,5795.07960480327,5800.71490868953,-2896.539802401635,16.188755192284372,5725.9922588473755,5737.262866619894,-2860.9961294236878,3.258998002476335,1.8754029170233284,PearsonVII
CAT,High,2,2070,5815.367474541699,5815.367474541699,-2907.6837372708496,5768.203616323155,5773.838920209415,-2883.1018081615775,14.041996079821496,5671.648390356966,5682.918998129485,-2833.824195178483,2.9325925031023443,1.693108685922634,PearsonVII
CAT,High,3,2070,5817.633634360907,5817.633634360907,-2908.8168171804537,5775.351832164162,5780.987136050422,-2886.675916082081,14.455863125809705,5685.75379545158,5697.024403224099,-2840.87689772579,3.0184116282790847,1.7417066218615218,PearsonVII
CAT,High,4,2070,5823.1961214998555,5823.1961214998555,-2911.5980607499278,5775.576838168065,5781.212142054324,-2886.7884190840323,13.795729442111124,5680.712629184389,5691.983236956908,-2838.3563145921944,2.9662131499758257,1.7136815567338455,PearsonVII
CAT,High,5,2070,5810.08263647202,5810.08263647202,-2905.04131823601,5771.321627321731,5776.956931207991,-2884.6608136608656,15.045669713825545,5682.2293660065725,5693.499973779091,-2839.1146830032862,2.95790345858692,1.7101535023144694,PearsonVII
CSCO,Low,1,2105,5901.206605945528,5901.206605945528,-2950.603302972764,5779.853334491119,5785.505405237236,-2888.9266672455597,10.963496927480664,5593.463189590086,5604.767331082318,-2794.731594795043,2.43728951796606,1.3692744253930422,PearsonVII
CSCO,Low,2,2105,5981.8053347772,5981.8053347772,-2990.9026673886,5819.97638683143,5825.628457577547,-2908.988193415715,9.902458850877666,5649.432545070098,5660.736686562331,-2822.716272535049,2.5791454592613237,1.4653971219016557,PearsonVII
CSCO,Low,3,2105,5978.005992124054,5978.005992124054,-2989.002996062027,5804.201964518997,5809.854035265113,-2901.1009822594983,9.573386051294962,5610.597762613,5621.9019041052325,-2803.2988813065,2.442769819209905,1.377899423967115,PearsonVII
CSCO,Low,4,2105,5838.8290647856375,5838.8290647856375,-2919.4145323928187,5720.439311156077,5726.0913819021935,-2859.2196555780383,10.579387163698522,5475.780690808621,5487.084832300854,-2735.8903454043107,2.2659696906686992,1.2368775276349204,PearsonVII
CSCO,Low,5,2105,5870.179670854501,5870.179670854501,-2935.0898354272504,5700.889805470069,5706.541876216186,-2849.4449027350347,9.566613398335159,5436.069219417844,5447.373360910076,-2716.034609708922,2.7363714477925907,1.3723263823997718,PearsonVII
CSCO,Medium,1,2067,5823.2155796797815,5823.2155796797815,-2911.6077898398908,5713.595013768085,5719.228867327766,-2855.7975068840424,11.736037277677188,5569.494339248913,5580.762046368277,-2782.7471696244565,2.5953970170175023,1.4819609724073028,PearsonVII
CSCO,Medium,2,2067,5781.56165448048,5781.56165448048,-2890.78082724024,5707.1210945890325,5712.754948148714,-2852.5605472945163,12.348769563195054,5562.299244037067,5573.566951156431,-2779.1496220185336,2.578417934507555,1.47025358417917,PearsonVII
CSCO,Medium,3,2067,5817.829032869395,5817.829032869395,-2908.9145164346974,5720.36855280686,5726.002406366541,-2859.18427640343,11.561607766714461,5580.694786534566,5591.96249365393,-2788.347393267283,2.6748093204556995,1.5282925087660608,PearsonVII
CSCO,Medium,4,2067,5952.9079490040895,5952.9079490040895,-2976.4539745020447,5715.180582397334,5720.814435957015,-2856.590291198667,10.41924828410973,5557.4959189989,5568.763626118264,-2776.74795949945,2.5691981739045846,1.4635754544931516,PearsonVII
CSCO,Medium,5,2067,5825.660072833235,5825.660072833235,-2912.8300364166175,5711.668527537206,5717.302381096887,-2854.834263768603,11.472060304356074,5562.825151124769,5574.092858244133,-2779.4125755623845,2.5787444637186847,1.47061655810814,PearsonVII
CSCO,High,1,2069,5830.680913847835,5830.680913847835,-2915.3404569239174,5743.951581567475,5749.586402245221,-2870.9757907837375,12.163476675175323,5623.964837995285,5635.234479350776,-2809.9824189976425,2.7946717929488454,1.6050529309885415,PearsonVII
CSCO,High,2,2069,5804.925426300493,5804.925426300493,-2902.4627131502466,5728.99581029943,5734.630630977175,-2863.497905149715,12.333519771707952,5596.96310358889,5608.232744944381,-2796.481551794445,2.678218509240631,1.5341136132989033,PearsonVII
CSCO,High,3,2069,5825.983383861007,5825.983383861007,-2912.9916919305033,5711.014737625038,5716.649558302784,-2854.507368812519,10.599133662250996,5543.156914848436,5554.426556203927,-2769.578457424218,2.5196118616664567,1.4297829828892863,PearsonVII
CSCO,High,4,2069,5806.04316931156,5806.04316931156,-2903.02158465578,5699.65652683013,5705.291347507876,-2848.828263415065,11.126208994408293,5532.049724933218,5543.31936628871,-2764.024862466609,2.503549280391038,1.4171953568255093,PearsonVII
CSCO,High,5,2069,5871.822843076765,5871.822843076765,-2935.9114215383825,5741.124875924785,5746.75969660253,-2869.5624379623923,11.254510844210555,5610.09933964827,5621.368981003761,-2803.049669824135,2.7417988143087526,1.572364398618546,PearsonVII
DE,Low,1,2105,5935.897420288801,5935.897420288801,-2967.9487101444006,5887.551900763459,5893.203971509576,-2942.7759503817297,14.498297231289131,5806.751521137959,5818.055662630191,-2901.3757605689793,3.1385682054575232,1.8109031952021393,PearsonVII
DE,Low,2,2105,5883.208035042342,5883.208035042342,-2941.604017521171,5842.846851806802,5848.498922552919,-2920.423425903401,15.086666595956462,5738.200242248164,5749.504383740396,-2867.100121124082,2.8251817807033466,1.6270451182354935,PearsonVII
DE,Low,3,2105,5935.198772076468,5935.198772076468,-2967.599386038234,5884.132690836239,5889.784761582356,-2941.0663454181195,14.04254062564671,5798.4904705814115,5809.794612073644,-2897.2452352907058,3.1090770154909664,1.7930869016095576,PearsonVII
DE,Low,4,2105,5877.407004925062,5877.407004925062,-2938.703502462531,5834.11837232433,5839.770443070447,-2916.059186162165,14.766090462369078,5723.081108498866,5734.385249991099,-2859.540554249433,2.7958886919617605,1.6061885927206037,PearsonVII
DE,Low,5,2105,5926.176642418766,5926.176642418766,-2963.088321209383,5864.443772283421,5870.095843029538,-2931.2218861417105,13.5066388223877,5763.137983735074,5774.442125227307,-2879.568991867537,2.911391278229108,1.6806931425755112,PearsonVII
DE,Medium,1,2067,5856.729510338075,5856.729510338075,-2928.3647551690374,5763.947966048048,5769.58181960773,-2880.973983024024,12.447395323957371,5661.9809048294055,5673.248611948769,-2828.9904524147028,2.9171308038485577,1.6847313035910205,PearsonVII
DE,Medium,2,2067,5859.78771583169,5859.78771583169,-2929.893857915845,5798.513958651357,5804.147812211038,-2898.2569793256785,15.061073284919027,5734.5101308015,5745.777837920864,-2865.25506540075,3.375856841713838,1.937741935004145,PearsonVII
DE,Medium,3,2067,5851.324341575457,5851.324341575457,-2925.6621707877284,5795.39893573408,5801.032789293761,-2896.69946786704,15.021311245130239,5728.407257296672,5739.674964416035,-2862.203628648336,3.3093816310404898,1.903981647614405,PearsonVII
DE,Medium,4,2067,5850.475322994349,5850.475322994349,-2925.2376614971745,5757.053712889368,5762.68756644905,-2877.526856444684,12.391392383258856,5649.44447877086,5660.712185890224,-2822.72223938543,2.85635092978567,1.648840385575775,PearsonVII
DE,Medium,5,2067,5762.188389314568,5762.188389314568,-2881.094194657284,5722.461189972252,5728.095043531934,-2860.230594986126,15.067951149453682,5609.376768473492,5620.644475592856,-2802.688384236746,2.7206302679895544,1.563091820863097,PearsonVII
DE,High,1,2070,5847.52918524784,5847.52918524784,-2923.76459262392,5804.190290868337,5809.825594754597,-2901.0951454341684,15.082799689932896,5736.816565656676,5748.087173429195,-2866.408282828338,3.341345221157241,1.9189413969983315,PearsonVII
DE,High,2,2070,5856.308403955472,5856.308403955472,-2928.154201977736,5796.488210911002,5802.123514797262,-2897.244105455501,13.965048703544328,5719.987195430302,5731.2578032028205,-2857.993597715151,3.2216761412859283,1.8550215559921193,PearsonVII
DE,High,3,2070,5828.816619857812,5828.816619857812,-2914.408309928906,5779.950230603046,5785.585534489306,-2888.975115301523,14.069916958434389,5692.283412276711,5703.55402004923,-2844.1417061383554,3.057301609179296,1.7636022094667534,PearsonVII
DE,High,4,2070,5857.59415495091,5857.59415495091,-2928.797077475455,5816.894715007136,5822.530018893396,-2907.447357503568,15.631330270075777,5759.296799171178,5770.567406943696,-2877.648399585589,3.5500640751817185,2.024905762554366,PearsonVII
DE,High,5,2070,5819.003074193537,5819.003074193537,-2909.5015370967685,5769.555492272551,5775.190796158811,-2883.7777461362757,14.328164187145447,5678.286361057779,5689.556968830298,-2837.1431805288894,2.9841778902641423,1.721624870692655,PearsonVII
EMR,Low,1,2103,5885.773005373999,5885.773005373999,-2942.8865026869994,5844.822713272213,5850.473833447916,-2921.4113566361066,15.03887497798854,5744.35757867398,5755.659819025385,-2870.17878933699,2.8438165795986117,1.6410973212083926,PearsonVII
EMR,Low,2,2103,5939.193523191369,5939.193523191369,-2969.5967615956847,5906.734776304689,5912.385896480392,-2952.3673881523446,16.608696530968587,5849.377462019973,5860.679702371378,-2922.6887310099864,3.499291026876118,2.0012173071482744,PearsonVII
EMR,Low,3,2103,5950.564473184722,5950.564473184722,-2975.282236592361,5936.024769946143,5941.675890121846,-2967.0123849730717,23.010454114710214,5909.636432325745,5920.93867267715,-2952.8182161628724,4.6213397392691835,2.4971217729425828,PearsonVII
EMR,Low,4,2103,5929.337708980676,5929.337708980676,-2964.668854490338,5861.428792862883,5867.079913038586,-2929.7143964314414,12.972974250835005,5758.6537325269255,5769.955972878331,-2877.3268662634628,2.9166737827242186,1.6837526199023458,PearsonVII
EMR,Low,5,2103,5842.853324509708,5842.853324509708,-2921.426662254854,5799.087468155096,5804.738588330799,-2898.543734077548,15.135052960074427,5673.823736186855,5685.12597653826,-2834.9118680934275,2.6611653138497835,1.5196451503149808,PearsonVII
EMR,Medium,1,2065,5831.202011761185,5831.202011761185,-2915.6010058805923,5790.324198127237,5795.957083632632,-2894.1620990636184,15.573344319796657,5725.684753610034,5736.950524620825,-2860.842376805017,3.356243986744219,1.9271251839747305,PearsonVII
EMR,Medium,2,2065,5825.272669982007,5825.272669982007,-2912.6363349910034,5810.7141836316405,5816.347069137036,-2904.3570918158202,21.62332404809377,5772.754888391322,5784.020659402113,-2884.377444195661,3.886827134549628,2.18555363668651,PearsonVII
EMR,Medium,3,2065,5816.209711308509,5816.209711308509,-2908.1048556542546,5773.792909521215,5779.42579502661,-2885.8964547606074,15.194984767349052,5697.908152816031,5709.173923826822,-2846.9540764080157,3.1387551282728094,1.8116168590367219,PearsonVII
EMR,Medium,4,2065,5826.212402191221,5826.212402191221,-2913.1062010956107,5776.412927942592,5782.045813447988,-2887.206463971296,14.402005610217365,5697.663789156968,5708.929560167759,-2846.831894578484,3.1542365727459196,1.8189762897302633,PearsonVII
EMR,Medium,5,2065,5829.256477951498,5829.256477951498,-2914.628238975749,5814.844409497389,5820.477295002785,-2906.4222047486946,22.053660705928905,5779.910069843139,5791.17584085393,-2887.9550349215697,4.0018503312570015,2.2376964318702752,PearsonVII
EMR,High,1,2070,5810.2549583563405,5810.2549583563405,-2905.1274791781702,5776.558683000776,5782.193986887036,-2887.279341500388,16.260864972051866,5698.3737725951505,5709.644380367669,-2847.1868862975753,3.054879133594812,1.7650091747056054,PearsonVII
EMR,High,2,2070,5665.299018377489,5665.299018377489,-2832.6495091887446,5600.932486945472,5606.567790831732,-2799.466243472736,12.797842816783888,5371.6984195068835,5382.969027279402,-2683.8492097534418,2.2441358335084893,1.2205508815070647,PearsonVII
EMR,High,3,2070,5701.30390177809,5701.30390177809,-2850.651950889045,5661.491743140987,5667.127047027247,-2829.7458715704934,15.503418936846103,5506.737931836362,5518.008539608881,-2751.368965918181,2.4488492070309373,1.377720240054678,PearsonVII
EMR,High,4,2070,5853.161913907818,5853.161913907818,-2926.580956953909,5822.884386608088,5828.519690494348,-2910.442193304044,17.243075392323814,5774.466296114327,5785.7369038868455,-2885.2331480571634,3.7368967972285887,2.1148839939033275,PearsonVII
EMR,High,5,2070,5836.322310431352,5836.322310431352,-2918.161155215676,5806.791918579778,5812.427222466038,-2902.395959289889,16.91921067669762,5748.094080183988,5759.364687956507,-2872.047040091994,3.448386873115181,1.9735326949513272,PearsonVII
ETN,Low,1,902,2551.902359490683,2551.902359490683,-1275.9511797453415,2539.6760731200015,2544.4806876400644,-1268.8380365600008,16.442556094489625,2518.005603426106,2527.6148324662313,-1257.002801713053,3.640560241920924,2.072148317611276,PearsonVII
ETN,Low,2,902,2555.5904884962492,2555.5904884962492,-1277.7952442481246,2553.650788109061,2558.455402629124,-1275.8253940545305,29.006341474319612,2548.3712049749765,2557.9804340151018,-1272.1856024874883,5.6392113484471516,2.877715252978266,PearsonVII
ETN,Low,3,902,2548.8049271913014,2548.8049271913014,-1274.4024635956507,2547.389497349818,2552.194111869881,-1272.694748674909,29.813371325525882,2540.2362971209636,2549.845526161089,-1268.1181485604818,5.003281497080805,2.6433961784894127,PearsonVII
ETN,Low,4,902,2547.3763690623464,2547.3763690623464,-1273.6881845311732,2537.2023896335295,2542.0070041535923,-1267.6011948167647,17.599015156432785,2516.605569864986,2526.2147989051114,-1256.302784932493,3.692983291947208,2.0935730077305177,PearsonVII
ETN,Low,5,902,2536.818847579071,2536.818847579071,-1268.4094237895356,2530.4618386395478,2535.2664531596106,-1264.2309193197739,19.984985982056696,2508.7349966597676,2518.344225699893,-1252.3674983298838,3.42952073623779,1.966824112685507,PearsonVII
ETN,Medium,1,1061,3004.9934904624515,3004.9934904624515,-1502.4967452312258,2995.8485678666734,3000.8155350052875,-1496.9242839333367,20.00164004592354,2980.341128677392,2990.27506295462,-1488.170564338696,4.358282490290521,2.3915800353446155,PearsonVII
ETN,Medium,2,1061,3006.3867850528304,3006.3867850528304,-1503.1933925264152,2998.6090121524203,3003.5759792910344,-1498.3045060762101,20.848951939186183,2984.591770647602,2994.52570492483,-1490.295885323801,4.441303978930162,2.4290069127591205,PearsonVII
ETN,Medium,3,1061,3001.3087164912076,3001.3087164912076,-1500.6543582456038,2989.128871275031,2994.095838413645,-1493.5644356375155,18.517742875448214,2968.878943054035,2978.812877331263,-1482.4394715270175,3.912522431528932,2.197339020882496,PearsonVII
ETN,Medium,4,1061,3007.750021697383,3007.750021697383,-1503.8750108486915,3005.9347411092463,3010.9017082478604,-1501.9673705546231,31.32415338867332,3000.6489345334803,3010.582868810708,-1498.3244672667402,5.895401747500756,2.968073604684034,PearsonVII
ETN,Medium,5,1061,3003.478217543505,3003.478217543505,-1501.7391087717524,3000.338182843222,3005.305149981836,-1499.169091421611,28.039361231378376,2993.005175744285,3002.939110021513,-1494.5025878721426,5.629476442737677,2.869187222175142,PearsonVII
ETN,High,1,1260,3571.912630183664,3571.912630183664,-1785.956315091832,3540.943701958781,3546.0825689587264,-1769.4718509793904,14.277144185990577,3501.1580666080645,3511.4358006079556,-1748.5790333040322,3.356978168388005,1.9320299679492245,PearsonVII
ETN,High,2,1260,3561.512814420028,3561.512814420028,-1780.756407210014,3531.5516710899165,3536.690538089862,-1764.7758355449582,14.454991593768039,3486.9233369428594,3497.2010709427504,-1741.4616684714297,3.163340753097863,1.8297504184736395,PearsonVII
ETN,High,3,1260,3539.7044579240164,3539.7044579240164,-1769.8522289620082,3508.265356694432,3513.4042236943774,-1753.132678347216,13.954403398017282,3447.9296605954214,3458.2073945953125,-1721.9648302977107,2.8540083120230797,1.6493340194025272,PearsonVII
ETN,High,4,1260,3572.0931254557127,3572.0931254557127,-1786.0465627278563,3560.024713887292,3565.1635808872375,-1779.012356943646,20.394167136633687,3543.5398989831892,3553.8176329830803,-1769.7699494915946,4.6087692414696155,2.4935374989106993,PearsonVII
ETN,High,5,1260,3570.2069482175584,3570.2069482175584,-1785.1034741087792,3531.9983205746666,3537.137187574612,-1764.9991602873333,13.300919832338169,3485.454621799132,3495.732355799023,-1740.727310899566,3.300911736859426,1.8939718181453302,PearsonVII
FDX,Low,1,2105,5947.350273699707,5947.350273699707,-2973.6751368498535,5896.678321320883,5902.330392067,-2947.3391606604414,14.467441706096885,5820.488444764084,5831.792586256317,-2908.244222382042,3.191950056314282,1.8425342861724794,PearsonVII
FDX,Low,2,2105,5933.959489391167,5933.959489391167,-2966.9797446955836,5886.283910284848,5891.935981030965,-2942.141955142424,14.302885365807022,5803.108260701769,5814.4124021940015,-2899.5541303508844,3.127532527858146,1.8040096606101181,PearsonVII
FDX,Low,3,2105,5940.250449921981,5940.250449921981,-2970.1252249609906,5893.551348238767,5899.203418984884,-2945.7756741193834,14.712219777514285,5817.5740663417755,5828.878207834008,-2906.7870331708878,3.203903177581936,1.8469706918764102,PearsonVII
FDX,Low,4,2105,5921.875674422448,5921.875674422448,-2960.937837211224,5849.732317369593,5855.38438811571,-2923.8661586847966,12.298891521044942,5726.829274742504,5738.133416234737,-2861.414637371252,2.763087518604828,1.590642586305841,PearsonVII
FDX,Low,5,2105,5961.19219693773,5961.19219693773,-2980.596098468865,5900.280537587265,5905.932608333382,-2949.1402687936325,13.502793973653159,5822.421181254964,5833.7253227471965,-2909.210590627482,3.281655566429711,1.8859284737627084,PearsonVII
FDX,Medium,1,2067,5829.3145929939255,5829.3145929939255,-2914.6572964969628,5794.174350570256,5799.808204129938,-2896.087175285128,15.817362181800384,5728.075451863644,5739.343158983008,-2862.037725931822,3.317786152177521,1.9077595544082995,PearsonVII
FDX,Medium,2,2067,5849.109043027934,5849.109043027934,-2924.554521513967,5789.238016105752,5794.871869665433,-2893.619008052876,14.543004585451298,5717.48726526596,5728.7549723853235,-2856.74363263298,3.263926913022572,1.8776313276366867,PearsonVII
FDX,Medium,3,2067,5816.7100288761385,5816.7100288761385,-2908.3550144380692,5766.088577213536,5771.722430773218,-2882.044288606768,14.004766981583744,5673.832167092843,5685.0998742122065,-2834.9160835464213,2.9768129865422868,1.7195256111539579,PearsonVII
FDX,Medium,4,2067,5815.210677591003,5815.210677591003,-2907.6053387955017,5778.451746514017,5784.0856000736985,-2888.2258732570085,15.723195242575635,5705.011327332154,5716.279034451518,-2850.505663666077,3.2135684856635565,1.8481710601383614,PearsonVII
FDX,Medium,5,2067,5863.219855610205,5863.219855610205,-2931.6099278051024,5826.1296291255885,5831.76348268527,-2912.0648145627943,16.42571785369932,5781.499293885108,5792.767001004472,-2888.749646942554,3.9601111007114222,2.2181097202448044,PearsonVII
FDX,High,1,2069,5834.426817039377,5834.426817039377,-2917.2134085196885,5772.990468754472,5778.625289432218,-2885.495234377236,13.124271209408725,5675.996222767286,5687.265864122777,-2835.998111383643,2.976202800704447,1.7178419186426033,PearsonVII
FDX,High,2,2069,5855.805001842247,5855.805001842247,-2927.9025009211236,5802.343627902857,5807.978448580603,-2900.1718139514287,13.992662948778882,5729.316490854861,5740.586132210352,-2862.6582454274303,3.2926412100733424,1.8940103207999788,PearsonVII
FDX,High,3,2069,5867.100308694087,5867.100308694087,-2933.5501543470436,5808.735865709581,5814.370686387327,-2903.3679328547905,13.90236283490256,5739.933707376734,5751.203348732225,-2867.966853688367,3.390513825962635,1.9444513204155949,PearsonVII
FDX,High,4,2069,5830.411914783359,5830.411914783359,-2915.2059573916795,5797.802101409758,5803.436922087503,-2897.901050704879,16.26868991019521,5732.459433107757,5743.729074463248,-2864.2297165538785,3.2981224031035223,1.8980221986633143,PearsonVII
FDX,High,5,2069,5883.764302306484,5883.764302306484,-2941.882151153242,5792.195086181335,5797.82990685908,-2895.0975430906674,11.799994626329262,5697.495712664306,5708.765354019797,-2846.747856332153,3.089877725361824,1.7829361493824487,PearsonVII
HON,Low,1,2103,5938.255339307196,5938.255339307196,-2969.127669653598,5897.68360692005,5903.334727095753,-2947.841803460025,15.970503187385773,5835.32391906908,5846.626159420485,-2915.66195953454,3.4262529581606898,1.9613915343931476,PearsonVII
HON,Low,2,2103,5929.851962557448,5929.851962557448,-2964.925981278724,5888.3191193257935,5893.9702395014965,-2943.1595596628968,15.572314169843164,5817.5780034210875,5828.880243772493,-2906.7890017105437,3.244690630273354,1.868800515791738,PearsonVII
HON,Low,3,2103,5875.884542005414,5875.884542005414,-2937.942271002707,5829.184674156531,5834.835794332234,-2913.5923370782657,14.73192098759873,5718.023421335558,5729.325661686963,-2857.011710667779,2.7450477383596756,1.5799662953048905,PearsonVII
HON,Low,4,2103,5934.241271024364,5934.241271024364,-2967.120635512182,5884.671909912959,5890.323030088662,-2941.3359549564793,14.990308811472104,5809.88395868863,5821.186199040035,-2902.941979344315,3.198940073924641,1.8436518717196895,PearsonVII
HON,Low,5,2103,5937.061746895622,5937.061746895622,-2968.530873447811,5893.578248992628,5899.229369168331,-2945.789124496314,15.951806592523726,5830.007505175408,5841.3097455268135,-2913.003752587704,3.407907075774287,1.950511160413179,PearsonVII
HON,Medium,1,2067,5731.920369778498,5731.920369778498,-2865.960184889249,5656.443812776268,5662.077666335949,-2827.221906388134,12.281091018464828,5472.495537122744,5483.763244242108,-2734.247768561372,2.3923325122461296,1.337735325608044,PearsonVII
HON,Medium,2,2067,5780.680746437431,5780.680746437431,-2890.3403732187153,5647.640617389205,5653.274470948886,-2822.8203086946023,11.054344292599346,5444.388819272017,5455.656526391381,-2720.1944096360085,2.362438734665751,1.3120256184404067,PearsonVII
HON,Medium,3,2067,5849.414624389973,5849.414624389973,-2924.7073121949866,5774.72704846548,5780.3609020251615,-2886.36352423274,13.117633295971826,5684.298463611549,5695.566170730913,-2840.1492318057744,3.0481104149203806,1.7592028391770822,PearsonVII
HON,Medium,4,2067,5825.118502182152,5825.118502182152,-2912.559251091076,5791.560482556136,5797.194336115817,-2894.780241278068,16.59388744103341,5729.573594614074,5740.841301733438,-2862.786797307037,3.4043222917586,1.9485350325335578,PearsonVII
HON,Medium,5,2067,5771.581747952743,5771.581747952743,-2885.7908739763716,5703.803406186327,5709.437259746009,-2850.9017030931636,13.728534424853597,5572.023411445853,5583.2911185652165,-2784.0117057229263,2.603641194182808,1.487295327815183,PearsonVII
HON,High,1,2069,5821.107727817562,5821.107727817562,-2910.553863908781,5782.307729414404,5787.94255009215,-2890.153864707202,15.614098589224643,5707.061085402847,5718.330726758339,-2851.5305427014237,3.1731648408191213,1.8273550117913808,PearsonVII
HON,High,2,2069,5829.072648331486,5829.072648331486,-2914.536324165743,5785.206040600196,5790.840861277941,-2891.603020300098,14.591619257344606,5704.47741682569,5715.747058181181,-2850.238708412845,3.1288975163125508,1.8049030238024077,PearsonVII
HON,High,3,2069,5814.412816399872,5814.412816399872,-2907.206408199936,5765.363815673467,5770.998636351213,-2881.6819078367334,14.481045220278695,5673.890075518883,5685.159716874375,-2834.9450377594417,2.9591443088497993,1.7084618233916677,PearsonVII
HON,High,4,2069,5818.374375349296,5818.374375349296,-2909.187187674648,5755.180155915235,5760.814976592981,-2876.5900779576177,13.06312511605688,5646.869994265205,5658.139635620696,-2821.4349971326023,2.8466640097588107,1.6406989929526767,PearsonVII
HON,High,5,2069,5805.159375166477,5805.159375166477,-2902.5796875832384,5741.0264940489515,5746.661314726697,-2869.5132470244757,12.856525848370246,5622.003580024322,5633.273221379814,-2809.001790012161,2.7804324391643394,1.5969530207076155,PearsonVII
HPQ,Low,1,2105,5911.99261905638,5911.99261905638,-2955.99630952819,5831.730588105963,5837.38265885208,-2914.8652940529814,11.612917709993921,5687.146609592632,5698.450751084864,-2841.573304796316,2.632797302463119,1.5074316893978108,PearsonVII
HPQ,Low,2,2105,5964.98168552087,5964.98168552087,-2982.490842760435,5868.962472407058,5874.614543153175,-2933.481236203529,11.3871247709776,5749.647381459952,5760.951522952185,-2872.823690729976,2.825528258208695,1.6316530355066514,PearsonVII
HPQ,Low,3,2105,5840.675912612626,5840.675912612626,-2920.337956306313,5783.380128929871,5789.032199675988,-2890.6900644649354,12.932126376465146,5618.2031413655895,5629.507282857822,-2807.1015706827948,2.4800905270337097,1.4009877654113925,PearsonVII
HPQ,Low,4,2105,5901.161601268128,5901.161601268128,-2950.580800634064,5826.096955098781,5831.749025844898,-2912.0484775493906,12.354878958849214,5690.274146604156,5701.578288096389,-2843.137073302078,2.6742694186876115,1.530571398047385,PearsonVII
HPQ,Low,5,2105,5926.469920240466,5926.469920240466,-2963.234960120233,5842.376209222082,5848.028279968199,-2920.188104611041,11.72838778663188,5709.21377112226,5720.517912614493,-2852.60688556113,2.7094331338769977,1.556030003857259,PearsonVII
HPQ,Medium,1,1936,5446.055902203244,5446.055902203244,-2723.027951101622,5343.227098967256,5348.795478235093,-2670.613549483628,11.206939490103021,5195.080853126553,5206.217611662226,-2595.5404265632765,2.5281782117802507,1.4374117709972591,PearsonVII
HPQ,Medium,2,1936,5388.5345359599605,5388.5345359599605,-2694.2672679799803,5303.559705009142,5309.128084276978,-2650.779852504571,11.744012191665343,5133.643653203779,5144.780411739452,-2564.8218266018894,2.422772369207049,1.357344378186297,PearsonVII
HPQ,Medium,3,1936,5417.226167479221,5417.226167479221,-2708.6130837396104,5361.786742422815,5367.355121690652,-2679.8933712114076,13.51920436974292,5248.631557035183,5259.7683155708555,-2622.3157785175913,2.686987882351175,1.543193475058863,PearsonVII
HPQ,Medium,4,1936,5363.088204747177,5363.088204747177,-2681.5441023735884,5328.956602810584,5334.52498207842,-2663.478301405292,15.752139674115728,5208.529785485371,5219.666544021044,-2602.2648927426853,2.5685748327462,1.4643720307638874,PearsonVII
HPQ,Medium,5,1936,5408.598925126448,5408.598925126448,-2704.299462563224,5360.044023284305,5365.612402552141,-2679.0220116421524,14.149417998233547,5250.268042087537,5261.40480062321,-2623.1340210437684,2.688236792731698,1.5445189882675332,PearsonVII
HPQ,High,1,1619,4530.928073916155,4530.928073916155,-2265.4640369580775,4446.710850737855,4452.100414691533,-2222.3554253689276,10.759382377208352,4300.704020209772,4311.483148117128,-2148.352010104886,2.4531295177306056,1.377047536297513,PearsonVII
HPQ,High,2,1619,4530.125160710146,4530.125160710146,-2265.062580355073,4483.008340194989,4488.397904148666,-2240.5041700974944,12.79469253021928,4380.496522860328,4391.275650767683,-2188.248261430164,2.6551010382087927,1.5218565568825375,PearsonVII
HPQ,High,3,1619,4537.302624005239,4537.302624005239,-2268.6513120026193,4458.367773004361,4463.757336958039,-2228.1838865021805,11.066848138393064,4325.340396195179,4336.119524102534,-2160.6701980975895,2.5083789084856094,1.4179145641997564,PearsonVII
HPQ,High,4,1619,4539.395037448057,4539.395037448057,-2269.6975187240287,4490.568755768709,4495.9583197223865,-2244.2843778843544,13.20284996788613,4399.8945938423285,4410.673721749684,-2197.9472969211643,2.7828761335591476,1.5981090655964383,PearsonVII
HPQ,High,5,1619,4514.982565409928,4514.982565409928,-2257.491282704964,4474.603025642326,4479.992589596004,-2236.301512821163,13.84528995185582,4377.357680458334,4388.136808365689,-2186.678840229167,2.701507286833992,1.5448594217468474,PearsonVII
IBM,Low,1,2103,5919.220887515127,5919.220887515127,-2959.6104437575636,5862.973345638415,5868.624465814118,-2930.4866728192073,13.84036977184668,5767.496411551187,5778.798651902592,-2881.7482057755933,2.970109438165728,1.7141118267269937,PearsonVII
IBM,Low,2,2103,5929.015957861677,5929.015957861677,-2964.5079789308384,5822.026575060951,5827.677695236654,-2910.0132875304753,11.08704280029187,5673.220588140009,5684.522828491414,-2834.6102940700043,2.62609848548895,1.500808924274067,PearsonVII
IBM,Low,3,2103,5922.048169349133,5922.048169349133,-2961.0240846745664,5754.462208580788,5760.113328756491,-2876.231104290394,9.377393282047729,5520.768074487674,5532.070314839079,-2758.384037243837,2.329828845475558,1.2880451927620873,PearsonVII
IBM,Low,4,2103,5894.902883975823,5894.902883975823,-2947.4514419879115,5794.136021160284,5799.787141335987,-2896.068010580142,11.216274948998674,5625.344559889283,5636.646800240688,-2810.6722799446416,2.5066536572149105,1.4197181056778645,PearsonVII
IBM,Low,5,2103,5959.6285262878555,5959.6285262878555,-2979.8142631439277,5846.952876193202,5852.603996368905,-2922.476438096601,11.154208652245384,5717.73180973351,5729.034050084915,-2856.865904866755,2.773508676803621,1.59466345680992,PearsonVII
IBM,Medium,1,2067,5840.210625679956,5840.210625679956,-2920.105312839978,5779.795002354902,5785.428855914583,-2888.897501177451,13.477581038395286,5694.84523086097,5706.112937980334,-2845.422615430485,3.139538771557597,1.8082392501365048,PearsonVII
IBM,Medium,2,2067,5869.549437175228,5869.549437175228,-2934.774718587614,5715.844163196143,5721.478016755825,-2856.9220815980716,9.857137754700306,5543.542499456247,5554.810206575611,-2769.7712497281236,2.526515046006265,1.4355335157061377,PearsonVII
IBM,Medium,3,2067,5895.381929253901,5895.381929253901,-2947.6909646269505,5754.845261107833,5760.479114667514,-2876.4226305539164,10.257241323924537,5617.766276670518,5629.033983789882,-2806.883138335259,2.7058050151603954,1.5584676662247556,PearsonVII
IBM,Medium,4,2067,5837.022095151449,5837.022095151449,-2918.5110475757247,5700.621501866056,5706.255355425737,-2849.310750933028,10.334800751153853,5525.682715060443,5536.950422179807,-2760.8413575302216,2.4822102546317906,1.4051523023101664,PearsonVII
IBM,Medium,5,2067,5846.496105327699,5846.496105327699,-2923.2480526638496,5767.348988683047,5772.982842242728,-2882.6744943415233,12.362544461880162,5663.827996667529,5675.095703786893,-2829.9139983337645,2.9108478432938165,1.6823133568531492,PearsonVII
IBM,High,1,2070,5791.929449084197,5791.929449084197,-2895.9647245420983,5683.785249563922,5689.420553450182,-2840.892624781961,11.225067254006019,5504.121678844316,5515.392286616835,-2750.060839422158,2.4425640819065837,1.3733802510459765,PearsonVII
IBM,High,2,2070,5805.8462214423735,5805.8462214423735,-2902.9231107211867,5720.9667040887625,5726.602007975022,-2859.4833520443813,11.702978825415551,5573.895425538294,5585.166033310813,-2784.947712769147,2.6136466560573712,1.4904178180901457,PearsonVII
IBM,High,3,2070,5867.154888621066,5867.154888621066,-2933.577444310533,5783.304853785603,5788.940157671863,-2890.6524268928015,12.521025253720158,5688.677906063424,5699.948513835943,-2842.338953031712,3.045957719327772,1.7565055533588847,PearsonVII
IBM,High,4,2070,5853.881684634438,5853.881684634438,-2926.940842317219,5755.247738651302,5760.883042537562,-2876.623869325651,11.8004494460994,5634.924840351384,5646.195448123903,-2815.462420175692,2.7807340276920955,1.601050378031517,PearsonVII
IBM,High,5,2070,5781.074487464313,5781.074487464313,-2890.5372437321566,5707.954095509036,5713.589399395296,-2852.977047754518,12.662863851566073,5561.846845371201,5573.11745314372,-2778.9234226856006,2.5638092551529854,1.4593555971327663,PearsonVII
INTC,Low,1,2105,5938.013198494538,5938.013198494538,-2969.006599247269,5843.824725441795,5849.4767961879115,-2920.9123627208974,11.655170222601237,5713.35913049099,5724.663271983222,-2854.679565245495,2.7588855705112834,1.5833846230238278,PearsonVII
INTC,Low,2,2105,5995.904249881616,5995.904249881616,-2997.952124940808,5898.39119195721,5904.043262703327,-2948.195595978605,12.21768073352053,5811.25883918657,5822.562980678803,-2903.629419593285,3.218580912153109,1.8511853248205803,PearsonVII
INTC,Low,3,2105,5997.1303012889275,5997.1303012889275,-2998.5651506444638,5891.934377701509,5897.586448447626,-2944.9671888507546,11.696490126167406,5794.272239006222,5805.5763804984545,-2895.136119503111,3.070646171748453,1.77257531128365,PearsonVII
INTC,Low,4,2105,5975.249729151422,5975.249729151422,-2987.624864575711,5891.229355686464,5896.881426432581,-2944.614677843232,12.495104354019194,5799.896940313929,5811.201081806162,-2897.9484701569645,3.0977340042788777,1.7881747051580332,PearsonVII
INTC,Low,5,2105,5995.185532272593,5995.185532272593,-2997.5927661362966,5872.142381789836,5877.794452535953,-2935.071190894918,11.0956430538526,5755.583210390573,5766.887351882806,-2875.7916051952866,2.9038087521249945,1.6738566997358377,PearsonVII
INTC,Medium,1,2067,5808.84777584309,5808.84777584309,-2904.423887921545,5722.054813177006,5727.688666736687,-2860.027406588503,11.983997421557916,5585.31019795445,5596.577905073814,-2790.655098977225,2.64715691995995,1.515357198508179,PearsonVII
INTC,Medium,2,2067,5827.26160675187,5827.26160675187,-2913.630803375935,5740.085869222708,5745.71972278239,-2869.042934611354,11.8338128693311,5614.556824438288,5625.824531557651,-2805.278412219144,2.7341017213006436,1.5721071038258527,PearsonVII
INTC,Medium,3,2067,5750.6774263277875,5750.6774263277875,-2875.3387131638938,5667.538900220061,5673.172753779742,-2832.7694501100304,12.248748994751313,5496.703276512577,5507.970983631941,-2746.3516382562884,2.458727693096273,1.3824722767053337,PearsonVII
INTC,Medium,4,2067,5882.638030906836,5882.638030906836,-2941.319015453418,5750.0435864428855,5755.677440002567,-2874.0217932214427,11.297152604426849,5628.3739289271725,5639.641636046536,-2812.1869644635863,2.7794834666646335,1.6010258112184537,PearsonVII
INTC,Medium,5,2067,5871.380701770448,5871.380701770448,-2935.690350885224,5774.263497988953,5779.897351548634,-2886.1317489944763,12.586452029543317,5681.108360646449,5692.376067765813,-2838.5541803232245,3.033062770218828,1.750448360185008,PearsonVII
INTC,High,1,2070,5859.749615745727,5859.749615745727,-2929.8748078728636,5798.841618491898,5804.476922378158,-2898.420809245949,13.662843744770058,5720.581365477998,5731.8519732505165,-2858.290682738999,3.2194785952827227,1.8542433191356797,PearsonVII
INTC,High,2,2070,5864.854041055898,5864.854041055898,-2932.427020527949,5807.125870935118,5812.761174821378,-2902.562935467559,14.011965261177712,5737.436544230518,5748.707152003037,-2866.718272115259,3.4023996866393063,1.9474424409776607,PearsonVII
INTC,High,3,2070,5872.426144553339,5872.426144553339,-2936.2130722766697,5841.465131580789,5847.100435467049,-2919.7325657903943,17.860962915843107,5804.682046705559,5815.952654478077,-2900.3410233527793,4.241394843609748,2.3415543818931552,PearsonVII
INTC,High,4,2070,5842.947911838064,5842.947911838064,-2921.473955919032,5778.899149562916,5784.534453449176,-2888.449574781458,13.423000190775111,5686.294221321018,5697.564829093537,-2841.147110660509,2.9840210341166467,1.7248794040601405,PearsonVII
INTC,High,5,2070,5867.2855628768,5867.2855628768,-2933.6427814384,5819.345606318315,5824.980910204575,-2908.6728031591574,14.812188389252624,5758.906670206348,5770.177277978867,-2877.453335103174,3.525581426302249,2.0137175240322036,PearsonVII
MSFT,Low,1,2105,5934.23342949546,5934.23342949546,-2967.11671474773,5856.568966008895,5862.2210367550115,-2927.2844830044473,12.114384198636017,5738.081710109245,5749.385851601478,-2867.0408550546226,2.8236945201122325,1.6262355851338701,PearsonVII
MSFT,Low,2,2105,5916.870536607066,5916.870536607066,-2958.435268303533,5867.132193045694,5872.784263791811,-2932.566096522847,14.00350227631203,5770.7727177381885,5782.076859230421,-2883.3863588690942,2.968472909541193,1.7123986471608672,PearsonVII
MSFT,Low,3,2105,5895.666468523699,5895.666468523699,-2947.8332342618496,5836.1825813642245,5841.834652110341,-2917.0912906821122,13.219007918334055,5714.229409490121,5725.5335509823535,-2855.1147047450604,2.743428142263571,1.5756745678769302,PearsonVII
MSFT,Low,4,2105,5874.897778675729,5874.897778675729,-2937.4488893378643,5814.558057695743,5820.2101284418595,-2906.2790288478714,12.996595532764895,5674.25673793836,5685.560879430593,-2835.12836896918,2.6024557068307277,1.4866134561669722,PearsonVII
MSFT,Low,5,2105,5930.159035439319,5930.159035439319,-2965.0795177196596,5820.957224867163,5826.60929561328,-2909.4786124335815,10.67423173724626,5656.747545245204,5668.051686737436,-2826.373772622602,2.5423394742799155,1.448039873068023,PearsonVII
MSFT,Medium,1,2067,5899.892453253599,5899.892453253599,-2949.9462266267997,5736.473364432781,5742.107217992462,-2867.2366822163904,10.653410630827487,5597.072899835094,5608.340606954458,-2796.536449917547,2.664020559703367,1.5286461740274744,PearsonVII
MSFT,Medium,2,2067,5852.8010039112505,5852.8010039112505,-2926.4005019556253,5778.105063573685,5783.738917133366,-2888.0525317868423,13.96570151554635,5696.071235297792,5707.3389424171555,-2846.035617648896,3.0871174594210227,1.7833451066922865,PearsonVII
MSFT,Medium,3,2067,5879.389287515458,5879.389287515458,-2939.694643757729,5767.176833508833,5772.810687068514,-2882.5884167544164,11.903397005664758,5662.969496912902,5674.237204032266,-2829.484748456451,2.921139206868333,1.6871558837312637,PearsonVII
MSFT,Medium,4,2067,5854.37345547881,5854.37345547881,-2927.186727739405,5810.143312726106,5815.777166285788,-2904.071656363053,15.501435549426368,5753.755697199867,5765.023404319231,-2874.8778485999337,3.589518501542636,2.0439021604701253,PearsonVII
MSFT,Medium,5,2067,5914.431897035358,5914.431897035358,-2957.215948517679,5771.91831200804,5777.552165567721,-2884.95915600402,11.146786185493477,5662.778711158122,5674.046418277486,-2829.389355579061,2.91915120064023,1.686076966793404,PearsonVII
MSFT,High,1,2070,5795.958842336716,5795.958842336716,-2897.979421168358,5695.393284118929,5701.028588005189,-2846.6966420594645,11.389253975928321,5525.239650370479,5536.510258142997,-2760.6198251852393,2.4819833312824255,1.4021590499098455,PearsonVII
MSFT,High,2,2070,5841.047085071226,5841.047085071226,-2920.523542535613,5763.735332098426,5769.370635984686,-2880.867666049213,13.072458045332986,5661.151613774207,5672.422221546726,-2828.5758068871037,2.8964521958222305,1.6706242848271033,PearsonVII
MSFT,High,3,2070,5887.475001160534,5887.475001160534,-2943.737500580267,5755.025376023065,5760.660679909325,-2876.5126880115326,11.155922254790541,5629.1492458235325,5640.419853596051,-2812.5746229117663,2.7740702519428146,1.5953697568446072,PearsonVII
MSFT,High,4,2070,5788.708400652775,5788.708400652775,-2894.3542003263874,5761.221318189347,5766.8566220756065,-2879.6106590946733,17.214147884940587,5678.725405240547,5689.996013013066,-2837.3627026202735,2.9774488274313775,1.7184598874305688,PearsonVII
MSFT,High,5,2070,5826.286927377192,5826.286927377192,-2913.143463688596,5705.362229052469,5710.997532938729,-2851.6811145262345,11.100320882232126,5539.460145713778,5550.730753486297,-2767.730072856889,2.508723501073728,1.4216467097467027,PearsonVII
NOC,Low,1,2105,5948.532323562277,5948.532323562277,-2974.2661617811386,5921.529351771448,5927.181422517565,-2959.764675885724,17.95433919640834,5874.59355266239,5885.8976941546225,-2935.296776331195,3.7852498336843463,2.1370792753191226,PearsonVII
NOC,Low,2,2105,5945.744578752823,5945.744578752823,-2972.8722893764116,5894.082910854896,5899.734981601013,-2946.041455427448,14.191437778118761,5814.666260925055,5825.970402417288,-2905.3331304625276,3.1606904563870253,1.8249891527188593,PearsonVII
NOC,Low,3,2105,5950.455317345861,5950.455317345861,-2975.2276586729304,5905.502295381886,5911.154366128003,-2951.751147690943,14.862340978530879,5837.082801203349,5848.386942695582,-2916.5414006016745,3.3672640196565933,1.9324919487948184,PearsonVII
NOC,Low,4,2105,5947.296812010341,5947.296812010341,-2973.6484060051703,5901.733842974263,5907.38591372038,-2949.8669214871315,14.617537247505414,5829.6526384891695,5840.956779981402,-2912.8263192445847,3.3124771544420133,1.90362377974716,PearsonVII
NOC,Low,5,2105,5952.252999795546,5952.252999795546,-2976.126499897773,5902.97767727772,5908.629748023837,-2950.48883863886,14.336062209459618,5830.751115806443,5842.055257298675,-2913.3755579032213,3.3365241275018347,1.9153344452768493,PearsonVII
NOC,Medium,1,2066,5803.048163585335,5803.048163585335,-2901.5240817926674,5722.172554835492,5727.805924485171,-2860.086277417746,12.189793261944544,5589.962047483541,5601.2287867829,-2792.9810237417705,2.668357219442118,1.52931194512735,PearsonVII
NOC,Medium,2,2066,5680.972351613895,5680.972351613895,-2840.4861758069474,5606.532524217093,5612.165893866772,-2802.2662621085465,12.36108552706749,5385.912437345802,5397.179176645161,-2690.956218672901,2.2612663736658702,1.2376384277806733,PearsonVII
NOC,Medium,3,2066,5680.008142840152,5680.008142840152,-2840.004071420076,5648.163434750098,5653.796804399777,-2823.081717375049,16.057599916452975,5491.693895946743,5502.960635246102,-2743.8469479733717,2.431197889906999,1.3664955086774755,PearsonVII
NOC,Medium,4,2066,5769.765275899723,5769.765275899723,-2884.8826379498614,5713.972342315878,5719.605711965558,-2855.986171157939,13.340146652631617,5584.285760254481,5595.55249955384,-2790.1428801272405,2.6477784346490343,1.5163024847589854,PearsonVII
NOC,Medium,5,2066,5759.07070555883,5759.07070555883,-2879.535352779415,5703.40070123059,5709.03407088027,-2850.700350615295,13.34022857839308,5567.479442270253,5578.7461815696115,-2781.7397211351263,2.6159981451482506,1.493243647716668,PearsonVII
NOC,High,1,2070,5793.359983078,5793.359983078,-2896.679991539,5745.9874451111045,5751.622748997364,-2871.9937225555523,14.363616219889876,5638.05152380676,5649.322131579279,-2817.02576190338,2.7748857918317764,1.599227192354277,PearsonVII
NOC,High,2,2070,5840.794542573347,5840.794542573347,-2920.3972712866735,5802.185237003983,5807.820540890243,-2900.0926185019916,15.640427727110685,5735.2443907219595,5746.514998494478,-2865.6221953609797,3.290694332128171,1.8945423045149552,PearsonVII
NOC,High,3,2070,5714.410330928792,5714.410330928792,-2857.205165464396,5688.209358095803,5693.8446619820625,-2843.1046790479013,17.223472043349986,5559.638350321118,5570.908958093637,-2777.819175160559,2.5817449342338725,1.4682378515497418,PearsonVII
NOC,High,4,2070,5812.070940992973,5812.070940992973,-2906.0354704964866,5772.327316845468,5777.962620731728,-2885.163658422734,15.095370664064752,5685.45587618007,5696.726483952589,-2840.727938090035,3.0087261827746783,1.7367944101971002,PearsonVII
NOC,High,5,2070,5780.898555763617,5780.898555763617,-2890.4492778818085,5738.7978386271825,5744.433142513442,-2868.3989193135913,14.77530693803697,5629.4543388060765,5640.724946578595,-2812.7271694030383,2.774828656707109,1.595880617806182,PearsonVII
NVDA,Low,1,2105,5963.5709307099605,5963.5709307099605,-2981.7854653549803,5856.759380347557,5862.411451093674,-2927.3796901737787,11.226944829475755,5728.341155301225,5739.645296793457,-2862.1705776506124,2.75421767921286,1.5865964343387,PearsonVII
NVDA,Low,2,2105,5966.329009548036,5966.329009548036,-2983.164504774018,5903.815762498998,5909.467833245115,-2950.907881249499,13.868320167518196,5830.845354574383,5842.149496066616,-2913.4226772871916,3.331086304154613,1.9128465022841754,PearsonVII
NVDA,Low,3,2105,5946.108016149701,5946.108016149701,-2973.0540080748506,5797.028740735267,5802.680811481384,-2897.5143703676335,10.009522587993663,5606.00453762621,5617.308679118442,-2801.002268813105,2.456536741968146,1.3840006596985617,PearsonVII
NVDA,Low,4,2105,5947.9641819037115,5947.9641819037115,-2973.9820909518558,5912.471619231741,5918.123689977858,-2955.2358096158705,16.311324184249145,5855.234022533077,5866.53816402531,-2925.6170112665386,3.5481547065576367,2.023389892681991,PearsonVII
NVDA,Low,5,2105,5922.365551711458,5922.365551711458,-2961.182775855729,5837.9985221056495,5843.650592851766,-2917.9992610528247,11.617717129855382,5700.817346140407,5712.121487632639,-2848.4086730702033,2.6953860678687556,1.5455551997982742,PearsonVII
NVDA,Medium,1,2067,5865.529652051832,5865.529652051832,-2932.764826025916,5813.305144057088,5818.9389976167695,-2905.652572028544,15.554338992626617,5759.666032469406,5770.93373958877,-2877.833016234703,3.6381566835205033,2.068400210659218,PearsonVII
NVDA,Medium,2,2067,5838.708646959845,5838.708646959845,-2919.3543234799226,5762.929777294116,5768.563630853798,-2880.464888647058,12.974438857615514,5664.442237862002,5675.709944981366,-2830.221118931001,2.93738891365274,1.6959306965159922,PearsonVII
NVDA,Medium,3,2067,5808.470365049227,5808.470365049227,-2904.2351825246137,5740.282348418348,5745.91620197803,-2869.141174209174,13.367287443906742,5629.49675524226,5640.764462361624,-2812.74837762113,2.7972379329828834,1.6106393767600071,PearsonVII
NVDA,Medium,4,2067,5882.753306654706,5882.753306654706,-2941.376653327353,5729.234392232718,5734.8682457924,-2863.617196116359,10.295415889108169,5577.137275014404,5588.404982133768,-2786.568637507202,2.618256778936717,1.4969691822096736,PearsonVII
NVDA,Medium,5,2067,5830.401430841311,5830.401430841311,-2915.2007154206553,5741.47397331793,5747.107826877612,-2869.736986658965,12.48245460820929,5625.712213700772,5636.979920820136,-2810.856106850386,2.7942122141813655,1.6076068212194934,PearsonVII
NVDA,High,1,2070,5850.207776407819,5850.207776407819,-2925.1038882039097,5802.7177564812755,5808.353060367535,-2900.3588782406378,14.641997722677251,5732.426790672052,5743.697398444571,-2864.213395336026,3.31313169998506,1.9037635334836454,PearsonVII
NVDA,High,2,2070,5851.11124354152,5851.11124354152,-2925.55562177076,5808.353748748432,5813.989052634692,-2903.176874374216,15.288607781162435,5744.417147878915,5755.687755651434,-2870.2085739394574,3.3912149535278404,1.9455784795615987,PearsonVII
NVDA,High,3,2070,5844.879893753069,5844.879893753069,-2922.4399468765346,5800.924320857395,5806.559624743655,-2899.4621604286976,15.080662486014637,5732.5479402624915,5743.81854803501,-2864.2739701312457,3.3277010262366575,1.9106165525106846,PearsonVII
NVDA,High,4,2070,5842.421513256924,5842.421513256924,-2921.210756628462,5816.730636247141,5822.365940133401,-2907.3653181235704,18.01821612508161,5766.997037034482,5778.267644807001,-2881.498518517241,3.635767163331685,2.066835989914479,PearsonVII
NVDA,High,5,2070,5844.179677071598,5844.179677071598,-2922.089838535799,5788.893813008527,5794.529116894787,-2893.4469065042636,14.011746942158315,5706.645712023241,5717.91631979576,-2851.3228560116204,3.112797782252332,1.7968455990929655,PearsonVII
QCOM,Low,1,2105,5925.886662336929,5925.886662336929,-2962.9433311684643,5747.05897702818,5752.711047774297,-2872.52948851409,9.554883177640221,5506.9763754576215,5518.280516949854,-2751.4881877288108,2.304602969488877,1.2680379424942643,PearsonVII
QCOM,Low,2,2105,5897.490998794311,5897.490998794311,-2948.7454993971555,5781.307253264647,5786.959324010764,-2889.6536266323237,10.80889007774479,5591.345655088766,5602.649796580999,-2793.672827544383,2.4430608637963886,1.3717701589313986,PearsonVII
QCOM,Low,3,2105,5876.845263909869,5876.845263909869,-2938.4226319549343,5716.597411301771,5722.249482047888,-2857.2987056508855,9.668794386800352,5451.031333635064,5462.335475127296,-2723.515666817532,2.2416206365050297,1.2158118132741893,PearsonVII
QCOM,Low,4,2105,5922.614678971946,5922.614678971946,-2961.307339485973,5759.29863168399,5764.9507024301065,-2878.649315841995,9.822635333712423,5536.272690998484,5547.576832490717,-2766.136345499242,2.3416547457098407,1.29784715068915,PearsonVII
QCOM,Low,5,2105,5851.722338739423,5851.722338739423,-2925.8611693697117,5670.27028704455,5675.922357790667,-2834.135143522275,9.421579522010548,5375.031807991295,5386.335949483528,-2685.5159039956475,2.657437679330003,1.306083463144582,PearsonVII
QCOM,Medium,1,2067,5832.055795280216,5832.055795280216,-2916.027897640108,5758.405029487439,5764.03888304712,-2878.2025147437193,12.13991738784725,5647.30659866096,5658.574305780324,-2821.65329933048,2.876517690799443,1.6582510680282192,PearsonVII
QCOM,Medium,2,2067,5795.050439136319,5795.050439136319,-2897.5252195681596,5755.503314274818,5761.137167834499,-2876.751657137409,15.140857157034079,5664.388900022021,5675.6566071413845,-2830.1944500110103,2.946574831469706,1.7005148384688598,PearsonVII
QCOM,Medium,3,2067,5857.324481733231,5857.324481733231,-2928.6622408666153,5805.811628817875,5811.445482377557,-2901.9058144089377,14.419782864086192,5741.183462833262,5752.451169952626,-2868.591731416631,3.44182165920304,1.9712115231069518,PearsonVII
QCOM,Medium,4,2067,5798.5778357038635,5798.5778357038635,-2899.2889178519317,5752.431044507839,5758.0648980675205,-2875.2155222539195,14.361339963568165,5655.13363386986,5666.401340989224,-2825.56681693493,2.907679287947547,1.6771793841827887,PearsonVII
QCOM,Medium,5,2067,5840.671995753726,5840.671995753726,-2920.335997876863,5787.822803521738,5793.4566570814195,-2892.911401760869,13.89979770709403,5708.256945476796,5719.52465259616,-2852.128472738398,3.154569366020172,1.8213727765195822,PearsonVII
QCOM,High,1,2069,5858.55481305405,5858.55481305405,-2929.277406527025,5791.190977112275,5796.82579779002,-2894.5954885561373,13.375144336165587,5709.037002921985,5720.306644277476,-2852.5185014609924,3.159820428806556,1.8218140685521622,PearsonVII
QCOM,High,2,2069,5869.048356288391,5869.048356288391,-2934.5241781441955,5811.0437397548085,5816.678560432554,-2904.5218698774042,14.168860299274604,5745.84803349265,5757.117674848141,-2870.924016746325,3.4570529917693458,1.9777346096680286,PearsonVII
QCOM,High,3,2069,5845.980745473272,5845.980745473272,-2922.990372736636,5808.485203457372,5814.120024135118,-2903.242601728686,16.058577388956888,5749.653696476486,5760.923337831978,-2872.826848238243,3.48391528314519,1.9917630294691373,PearsonVII
QCOM,High,4,2069,5833.90664173204,5833.90664173204,-2916.95332086602,5757.831985557293,5763.466806235038,-2877.9159927786463,12.83462087468325,5652.7337535843035,5664.003394939795,-2824.3668767921517,2.905732170087496,1.6730128407164986,PearsonVII
QCOM,High,5,2069,5894.043942285018,5894.043942285018,-2947.021971142509,5804.391662841151,5810.026483518896,-2901.1958314205754,12.790251490645327,5727.934560798176,5739.204202153667,-2861.967280399088,3.3085731841181363,1.9008392996706212,PearsonVII
ROK,Low,1,2105,5952.4963027158365,5952.4963027158365,-2976.2481513579182,5911.9553273955435,5917.60739814166,-2954.9776636977717,16.07327471789035,5854.174913309159,5865.479054801392,-2925.0874566545795,3.5406028353848935,2.0194952232501127,PearsonVII
ROK,Low,2,2105,5977.898092394713,5977.898092394713,-2988.9490461973564,5910.430364249743,5916.08243499586,-2954.2151821248717,13.74575618902912,5840.952227120422,5852.256368612655,-2918.476113560211,3.414774658808654,1.9561711235903914,PearsonVII
ROK,Low,3,2105,5970.898589930534,5970.898589930534,-2985.449294965267,5878.888800656379,5884.540871402496,-2938.4444003281897,11.947435286794178,5774.425764868363,5785.729906360596,-2885.2128824341817,2.9667964723352696,1.713049509952607,PearsonVII
ROK,Low,4,2105,5967.03078461808,5967.03078461808,-2983.51539230904,5904.326893177915,5909.978963924032,-2951.1634465889574,13.619630543538872,5829.950913892907,5841.25505538514,-2912.9754569464535,3.334972615074827,1.91424870392606,PearsonVII
ROK,Low,5,2105,5935.191446668723,5935.191446668723,-2967.5957233343615,5860.507942483377,5866.160013229493,-2929.2539712416883,12.559093802484727,5749.253269997289,5760.557411489522,-2872.6266349986445,2.847962366830892,1.6430005515890183,PearsonVII
ROK,Medium,1,2064,5831.202702747484,5831.202702747484,-2915.601351373742,5777.605258543806,5783.237659670407,-2887.802629271903,14.596593702415708,5704.058470914433,5715.323273167636,-2850.0292354572166,3.2406866151939395,1.8643256651122313,PearsonVII
ROK,Medium,2,2064,5777.1590081811755,5777.1590081811755,-2888.5795040905878,5686.759741174101,5692.392142300702,-2842.3798705870504,11.900130186926772,5533.259199861479,5544.524002114682,-2764.6295999307395,2.5514208343278497,1.4482658013048646,PearsonVII
ROK,Medium,3,2064,5802.574286406798,5802.574286406798,-2901.287143203399,5745.295358047595,5750.927759174197,-2871.6476790237975,13.959986086811725,5646.470505760601,5657.735308013804,-2821.2352528803003,2.8797711918497617,1.6628615313096138,PearsonVII
ROK,Medium,4,2064,5804.203681957732,5804.203681957732,-2902.101840978866,5696.541884560158,5702.1742856867595,-2847.270942280079,11.176209947254653,5539.475681799753,5550.740484052956,-2767.7378408998766,2.5568865168466686,1.4534057483176521,PearsonVII
ROK,Medium,5,2064,5790.222198990537,5790.222198990537,-2895.1110994952687,5708.053472983551,5713.685874110152,-2853.0267364917754,12.495815844211405,5574.426083705408,5585.690885958611,-2785.213041852704,2.6401348023372795,1.5106017432867842,PearsonVII
ROK,High,1,2069,5849.187940410501,5849.187940410501,-2924.5939702052506,5796.448072643485,5802.082893321231,-2897.2240363217425,13.867250243563424,5718.2994366148905,5729.569077970382,-2857.1497183074453,3.1897875513943497,1.840291056147909,PearsonVII
ROK,High,2,2069,5837.077825585339,5837.077825585339,-2918.5389127926696,5772.78053950338,5778.415360181126,-2885.39026975169,12.961065813417258,5674.560747659108,5685.830389014599,-2835.280373829554,2.9662357563906023,1.712281177681387,PearsonVII
ROK,High,3,2069,5847.904387570085,5847.904387570085,-2923.9521937850427,5799.340368454932,5804.975189132678,-2898.670184227466,14.591407712250591,5727.697020904399,5738.966662259891,-2861.8485104521997,3.26059714804175,1.8781840556435299,PearsonVII
ROK,High,4,2069,5857.171563668397,5857.171563668397,-2928.5857818341983,5816.717802100349,5822.352622778095,-2907.3589010501746,15.970978111913178,5762.05967128058,5773.329312636071,-2879.02983564029,3.590635206079054,2.0457536332503383,PearsonVII
ROK,High,5,2069,5824.891972718395,5824.891972718395,-2912.4459863591974,5756.354922075316,5761.989742753061,-2877.177461037658,12.569765776145992,5642.811727512479,5654.08136886797,-2819.4058637562393,2.79716488143354,1.6136693744384483,PearsonVII
RTX,Low,1,445,1263.0337575296273,1263.0337575296273,-631.5168787648137,1247.0782195937236,1251.1762938758898,-622.5391097968618,13.035562560690844,1230.8195430940793,1239.015691658412,-613.4097715470397,3.159764621667733,1.821340783809956,PearsonVII
RTX,Low,2,445,1240.5841042358147,1240.5841042358147,-620.2920521179074,1232.2668226978572,1236.3648969800233,-615.1334113489286,14.598514550233112,1207.621437867921,1215.8175864322536,-601.8107189339605,2.583688656281142,1.4847013579576898,PearsonVII
RTX,Low,3,445,1220.2260129622973,1220.2260129622973,-610.1130064811487,1214.1620618978463,1218.2601361800125,-606.0810309489232,16.215031632425717,1179.5412932830277,1187.7374418473603,-587.7706466415138,2.3110646395598597,1.2892451655200154,PearsonVII
RTX,Low,4,445,1225.1159707062538,1225.1159707062538,-612.5579853531269,1217.7217055249819,1221.819779807148,-607.8608527624909,14.555413230668396,1182.4739359046193,1190.670084468952,-589.2369679523097,2.342162612053729,1.3112591243726153,PearsonVII
RTX,Low,5,445,1253.0575475131802,1253.0575475131802,-626.5287737565901,1249.473050011141,1253.571124293307,-623.7365250055705,17.666114168247915,1238.1330634713381,1246.3292120356707,-617.0665317356691,3.3240231907143083,1.914559845254458,PearsonVII
RTX,Medium,1,554,1542.7579748119758,1542.7579748119758,-771.3789874059879,inf,inf,-inf,,1513.2707019701768,1521.9050313436715,-754.6353509850884,2.804120158870201,1.6164014068780812,PearsonVII
RTX,Medium,2,554,1536.521354222034,1536.521354222034,-768.260677111017,1513.6967005276128,1518.01386521436,-755.8483502638064,12.529559817779406,1465.6838759848856,1474.3182053583803,-730.8419379924428,2.366641238343484,1.3185859383542908,PearsonVII
RTX,Medium,3,554,1552.3128580614102,1552.3128580614102,-776.1564290307051,1551.189020813226,1555.5061854999733,-774.594510406613,25.212427177196517,1539.8494227024685,1548.4837520759631,-767.9247113512342,3.294783995573653,1.8998558615206922,PearsonVII
RTX,Medium,4,554,1555.1000976550813,1555.1000976550813,-777.5500488275406,1460.4914013980226,1464.8085660847698,-729.2457006990113,8.978470178923624,1350.0407665266496,1358.6750959001442,-673.0203832633248,2.061827459156078,1.0258057661165654,PearsonVII
RTX,Medium,5,554,1524.8382016628752,1524.8382016628752,-762.4191008314376,1511.8557375603332,1516.1729022470804,-754.9278687801666,13.806093475757526,1464.7410991124852,1473.37542848598,-730.3705495562426,2.3278172151857066,1.2955843172623183,PearsonVII
RTX,High,1,936,2448.7816910907095,2448.7816910907095,-1224.3908455453548,2273.7653006675732,2278.606916144051,-1135.8826503337866,9.968375008161871,1820.0575156543882,1829.7407466073435,-908.0287578271941,1.746131955869636,0.6554438219671499,PearsonVII
RTX,High,2,936,2268.834613951996,2268.834613951996,-1134.417306975998,2237.5715295167365,2242.4131449932142,-1117.7857647583683,15.231891570034668,1754.6124304034752,1764.2956613564304,-875.3062152017376,1.6541359017834156,0.5876571676380546,PearsonVII
RTX,High,3,936,2453.538063683042,2453.538063683042,-1226.769031841521,2309.506622751302,2314.34823822778,-1153.753311375651,9.365565431558943,1876.490492446088,1886.1737233990432,-936.245246223044,1.7687376699183004,0.6503823344377226,PearsonVII
RTX,High,4,936,2197.5824377541535,2197.5824377541535,-1098.7912188770767,2144.9497358703666,2149.7913513468443,-1071.4748679351833,13.10584700373579,1329.699216194123,1339.3824471470782,-662.8496080970615,1.5193161741749055,0.4126067081704001,PearsonVII
RTX,High,5,936,2219.565830249081,2219.565830249081,-1109.7829151245405,2123.341202553959,2128.182818030437,-1060.6706012769796,11.523763392984483,1294.2808019634676,1303.9640329164229,-645.1404009817338,1.3845283164272326,0.3459455307699223,PearsonVII
UNP,Low,1,2105,5958.6753330218235,5958.6753330218235,-2979.3376665109117,5915.086160189776,5920.738230935893,-2956.543080094888,15.159589858853739,5854.422122944892,5865.726264437125,-2925.211061472446,3.5549943284272776,2.0260591171468296,PearsonVII
UNP,Low,2,2105,5963.9331794566315,5963.9331794566315,-2981.9665897283157,5945.572023762613,5951.22409450873,-2971.7860118813064,21.04491089545248,5917.592413392762,5928.896554884995,-2956.796206696381,4.689035166757164,2.524148618008736,PearsonVII
UNP,Low,3,2105,5963.721656043045,5963.721656043045,-2981.8608280215226,5909.106758212507,5914.758828958624,-2953.5533791062535,13.879648244052552,5837.294143146291,5848.598284638524,-2916.6470715731457,3.369560086734711,1.9336516906655405,PearsonVII
UNP,Low,4,2105,5968.779995741346,5968.779995741346,-2984.389997870673,5927.511477050142,5933.163547796259,-2962.755738525071,15.672713820588577,5874.441234074466,5885.745375566698,-2935.220617037233,3.6881426488136095,2.094819434871289,PearsonVII
UNP,Low,5,2105,5957.901455308618,5957.901455308618,-2978.950727654309,5909.209736097924,5914.861806844041,-2953.604868048962,14.453820189005379,5840.241142298078,5851.54528379031,-2918.120571149039,3.3726433261495696,1.936431412230161,PearsonVII
UNP,Medium,1,2067,5818.717257238723,5818.717257238723,-2909.3586286193613,5732.981235711995,5738.615089271677,-2865.4906178559977,12.089020565049207,5605.046938520553,5616.314645639917,-2800.5234692602767,2.71146496859867,1.5566522395168914,PearsonVII
UNP,Medium,2,2067,5838.746951822325,5838.746951822325,-2919.3734759111626,5770.7310872850285,5776.36494084471,-2884.3655436425142,13.63104050339724,5681.634357074288,5692.902064193652,-2838.817178537144,3.021965685002175,1.7451974988316663,PearsonVII
UNP,Medium,3,2067,5809.084688002884,5809.084688002884,-2904.542344001442,5753.074848636059,5758.70870219574,-2875.5374243180295,13.652335845315832,5651.559308240841,5662.827015360205,-2823.7796541204207,2.881787647774094,1.6626334566551142,PearsonVII
UNP,Medium,4,2067,5790.461859744665,5790.461859744665,-2895.2309298723326,5744.6720283749255,5750.305881934607,-2871.3360141874628,14.686665149251908,5644.239684935032,5655.5073920543955,-2820.119842467516,2.8366940864654073,1.636716523276959,PearsonVII
UNP,Medium,5,2067,5837.894750231244,5837.894750231244,-2918.947375115622,5740.078978570122,5745.712832129803,-2869.039489285061,12.127577449921,5620.540499623451,5631.808206742815,-2808.2702498117255,2.7822445623581205,1.599422128415243,PearsonVII
UNP,High,1,2070,5798.5609297383035,5798.5609297383035,-2899.2804648691517,5739.418292759075,5745.053596645334,-2868.7091463795373,12.945518183452819,5616.390643491851,5627.66125126437,-2806.1953217459254,2.736309231011222,1.5708635089428546,PearsonVII
UNP,High,2,2070,5792.294137526584,5792.294137526584,-2896.147068763292,5755.207288689516,5760.842592575776,-2876.603644344758,15.087024022274068,5656.106573015975,5667.377180788494,-2826.0532865079877,2.8621114620327646,1.651167573245385,PearsonVII
UNP,High,3,2070,5819.471523014935,5819.471523014935,-2909.7357615074675,5759.73449259335,5765.36979647961,-2878.867246296675,12.83657913321792,5647.112088439644,5658.382696212163,-2821.556044219822,2.8014148766691527,1.6164802908031313,PearsonVII
UNP,High,4,2070,5829.563799469084,5829.563799469084,-2914.781899734542,5777.820006810736,5783.455310696996,-2887.910003405368,13.697156780070873,5685.410668970386,5696.681276742905,-2840.705334485193,3.004914618342744,1.7348877846208561,PearsonVII
UNP,High,5,2070,5838.523398188303,5838.523398188303,-2919.2616990941515,5773.908194570713,5779.543498456973,-2885.9540972853565,12.77646532750825,5671.671024529802,5682.941632302321,-2833.835512264901,2.9225113654230377,1.6880465669516418,PearsonVII
UPS,Low,1,2104,5784.347580666775,5784.347580666775,-2892.1737903333874,5724.004256101678,5729.655851675536,-2861.002128050839,13.18295218874294,5521.260370230615,5532.563561378331,-2758.6301851153075,2.33257011556676,1.288936322331267,PearsonVII
UPS,Low,2,2104,5842.183055393382,5842.183055393382,-2921.091527696691,5777.942492428463,5783.594088002321,-2887.9712462142315,12.835645687089462,5613.644803619114,5624.94799476683,-2804.822401809557,2.4957549503641956,1.408935972823729,PearsonVII
UPS,Low,3,2104,5726.703420669933,5726.703420669933,-2863.3517103349664,5654.951979874149,5660.603575448007,-2826.4759899370747,12.430704518339088,5384.307592124493,5395.610783272208,-2690.1537960622463,2.1741237694196656,1.159120375379035,PearsonVII
UPS,Low,4,2104,5713.14866083169,5713.14866083169,-2856.574330415845,5624.808776563921,5630.460372137779,-2811.4043882819606,11.613693120888815,5310.106904875361,5321.410096023076,-2653.0534524376803,2.0925952176830847,1.0921965015851518,PearsonVII
UPS,Low,5,2104,5762.890491901312,5762.890491901312,-2881.445245950656,5706.631378295238,5712.282973869096,-2852.315689147619,13.574460833241208,5492.225813636087,5503.5290047838025,-2744.1129068180435,2.276669197598477,1.248576083878026,PearsonVII
UPS,Medium,1,2066,5844.108938512714,5844.108938512714,-2922.054469256357,5744.148139015424,5749.7815086651035,-2871.074069507712,11.397261050851876,5618.155340436044,5629.422079735403,-2807.077670218022,2.7739894832811034,1.5952774281359683,PearsonVII
UPS,Medium,2,2066,5843.465913705259,5843.465913705259,-2921.7329568526293,5727.177710366319,5732.811080015998,-2862.5888551831595,11.057033881967945,5585.287650262067,5596.5543895614255,-2790.6438251310333,2.6523422615685424,1.51910170755993,PearsonVII
UPS,Medium,3,2066,5826.687570768868,5826.687570768868,-2913.343785384434,5753.763789308883,5759.397158958563,-2875.8818946544416,12.529236228056753,5646.323983028506,5657.590722327865,-2821.161991514253,2.887277625203523,1.6644094583516342,PearsonVII
UPS,Medium,4,2066,5817.3860187807295,5817.3860187807295,-2908.6930093903648,5732.629525681081,5738.26289533076,-2865.3147628405404,11.965400468523281,5604.085959820548,5615.352699119907,-2800.042979910274,2.704148387530422,1.5534693352915174,PearsonVII
UPS,Medium,5,2066,5804.176166382471,5804.176166382471,-2902.0880831912355,5721.777989814114,5727.411359463794,-2859.888994907057,12.344935540157913,5591.089222776492,5602.355962075851,-2793.544611388246,2.6688372573514276,1.5299836006785157,PearsonVII
UPS,High,1,2069,5799.371739145294,5799.371739145294,-2899.685869572647,5701.788550461888,5707.423371139634,-2849.894275230944,11.48394796801001,5542.554145179716,5553.823786535208,-2769.277072589858,2.551775826085006,1.4470236615974188,PearsonVII
UPS,High,2,2069,5827.741086662511,5827.741086662511,-2913.8705433312557,5719.158776741199,5724.793597418945,-2858.5793883705996,11.33646034568276,5570.591240743085,5581.860882098576,-2783.2956203715426,2.602725058018071,1.4843556806337055,PearsonVII
UPS,High,3,2069,5713.679851542282,5713.679851542282,-2856.839925771141,5637.80002108091,5643.434841758655,-2817.900010540455,12.51814420856138,5440.821170256799,5452.09081161229,-2718.4105851283994,2.3353240696649356,1.2940243608189277,PearsonVII
UPS,High,4,2069,5825.060156325631,5825.060156325631,-2912.5300781628157,5750.73406432413,5756.368885001875,-2874.367032162065,12.5596061975187,5634.8631860011,5646.132827356591,-2815.43159300055,2.7756790179568664,1.5994587069975745,PearsonVII
UPS,High,5,2069,5818.653331795457,5818.653331795457,-2909.3266658977286,5768.632602667707,5774.267423345453,-2883.3163013338535,14.202501399208364,5678.642181180189,5689.911822535681,-2837.3210905900946,3.0413474163296508,1.7511534922657535,PearsonVII
XRX,Low,1,2103,5964.457001597107,5964.457001597107,-2982.2285007985533,5891.207103832665,5896.858224008368,-2944.6035519163324,13.313643513341724,5811.4979472828245,5822.80018763423,-2903.7489736414122,3.231596443818395,1.8599011600691724,PearsonVII
XRX,Low,2,2103,5942.988541084907,5942.988541084907,-2971.4942705424537,5795.6440896385875,5801.2952098142905,-2896.8220448192938,10.06419298744451,5612.446490401977,5623.748730753382,-2804.2232452009885,2.4980541860294503,1.4106833935018135,PearsonVII
XRX,Low,3,2103,5930.791849827916,5930.791849827916,-2965.395924913958,5866.593167490751,5872.244287666454,-2932.2965837453753,13.404379800191863,5770.99615001359,5782.298390364995,-2883.498075006795,2.986247755839685,1.7235765136408052,PearsonVII
XRX,Low,4,2103,5936.440209575669,5936.440209575669,-2968.2201047878343,5872.487418076429,5878.138538252132,-2935.2437090382145,13.210410267931158,5777.92885651987,5789.231096871275,-2886.964428259935,3.0022415736286097,1.7343648679322563,PearsonVII
XRX,Low,5,2103,5923.4556764311965,5923.4556764311965,-2961.7278382155982,5831.153887967602,5836.805008143305,-2914.576943983801,11.779456492588114,5697.761001683191,5709.063242034596,-2846.8805008415957,2.7118014356408975,1.5550394893262511,PearsonVII
XRX,Medium,1,2062,5886.03469008027,5886.03469008027,-2943.017345040135,5735.396930741948,5741.028362406525,-2866.698465370974,10.416282849295047,5599.07010343086,5610.332966760015,-2797.53505171543,2.7175819911779726,1.5627255276692322,PearsonVII
XRX,Medium,2,2062,5782.376633116031,5782.376633116031,-2891.1883165580157,5691.517252333053,5697.14868399763,-2844.7586261665265,11.749735437772154,5540.310733956862,5551.573597286017,-2768.155366978431,2.5614897992497307,1.4580823091728816,PearsonVII
XRX,Medium,3,2062,5871.268272161207,5871.268272161207,-2935.6341360806036,5761.682295672974,5767.3137273375505,-2879.841147836487,12.071025846065584,5663.600082508406,5674.86294583756,-2829.800041254203,3.015325346676168,1.7401004121220154,PearsonVII
XRX,Medium,4,2062,5775.636712900317,5775.636712900317,-2887.8183564501587,5671.953160770649,5677.584592435226,-2834.9765803853247,11.158322125827683,5497.932250485892,5509.195113815046,-2746.966125242946,2.4797627628493757,1.3989148875102402,PearsonVII
XRX,Medium,5,2062,5763.527818908425,5763.527818908425,-2881.7639094542124,5627.779719276883,5633.41115094146,-2812.8898596384415,10.022200195635357,5395.537319731124,5406.800183060278,-2695.768659865562,2.301133918233404,1.2663770313973866,PearsonVII
XRX,High,1,2069,5768.996436032547,5768.996436032547,-2884.4982180162733,5648.485555960352,5654.120376638098,-2823.242777980176,10.341257261956299,5425.929163360366,5437.1988047158575,-2710.964581680183,2.326134282009449,1.2842115363556346,PearsonVII
XRX,High,2,2069,5855.239763668533,5855.239763668533,-2927.6198818342664,5760.34044036554,5765.975261043286,-2879.17022018277,11.450038868675296,5640.559428579219,5651.82906993471,-2818.2797142896093,2.8260171132589775,1.6276409824501317,PearsonVII
XRX,High,3,2069,5799.474393866693,5799.474393866693,-2899.7371969333467,5701.442508192405,5707.07732887015,-2849.7212540962023,11.08334208640367,5534.142728205956,5545.412369561447,-2765.071364102978,2.5358591551878376,1.4354888799687497,PearsonVII
XRX,High,4,2069,5844.137446248086,5844.137446248086,-2922.068723124043,5729.691014298793,5735.325834976538,-2863.8455071493963,10.850513315683058,5580.1807784571965,5591.450419812688,-2788.0903892285983,2.6154448941285513,1.4946162847368074,PearsonVII
XRX,High,5,2069,5812.7515156077125,5812.7515156077125,-2906.3757578038562,5728.726024328009,5734.3608450057545,-2863.3630121640044,11.769448354187096,5589.983912356813,5601.253553712304,-2792.9919561784063,2.6724973616715837,1.5285113974411333,PearsonVII
